id,domain,status,purchase_price,renewal_price,attractiveness,demand,length,registrar,created_at,expires_at,status_verified_at
b2637a69-b007-417c-91da-a5ae7cb37903,apposition.bet,available,8.98,35.98,medium,low,10,namecheap,,,19/09/2026 22:03
2dfd8120-39aa-49ce-aef4-0e114b13339d,concerns.bet,available,8.98,35.98,medium,low,8,namecheap,,,27/09/2026 11:01
99783e47-7eb1-4c11-af5b-18f124f7d1bc,amer.bet,available,7.96,20.9,medium,low,4,spaceship,,,28/09/2026 17:41
a187388c-eed0-46ee-a85e-09ff37fc3591,concentrated.bet,available,7.96,20.9,high,low,12,spaceship,,,01/10/2026 09:43
f85037db-dfa9-4ef4-8d72-bfab322def6b,scholars.bet,available,20.2,20.2,high,low,8,cloudflare,,,30/09/2026 15:27
e2fed244-7de6-4557-bef3-4788bf163038,ganja.bet,available,7.96,20.9,high,low,5,spaceship,,,29/09/2026 06:40
afd2bb8f-e712-439f-8e86-63d753e6e1e7,whiny.bet,available,8.98,35.98,medium,low,5,namecheap,,,09/09/2026 08:37
3fbfae6a-f8cb-4b9d-b0d8-29f1b6fd2257,mclaughlin.bet,available,8.98,35.98,medium,low,10,namecheap,,,27/09/2026 01:56
49bcab27-424f-4847-84bb-d32d6a008ee3,noseless.bet,available,8.98,35.98,low,low,8,namecheap,,,03/09/2026 21:47
5f629d40-d8fc-4aeb-b007-21fbf5cd5d1c,abbey.bet,available,8.98,35.98,high,low,5,namecheap,,,16/09/2026 14:25
8448988b-601d-4cfa-97c4-a82ff9ed83c3,wasting.bet,available,8.98,35.98,medium,low,7,namecheap,,,21/09/2026 00:58
34862530-9954-4524-9abf-7206cb0c231c,danced.bet,available,8.98,35.98,medium,low,6,namecheap,,,27/09/2026 10:43
9fd25041-07b2-48d2-8a31-53a81f756c9c,silently.bet,available,8.98,35.98,medium,low,8,namecheap,,,15/09/2026 15:52
88591f8d-105a-4c5f-a21a-f957eee1603d,octagonal.bet,available,8.98,35.98,medium,low,9,namecheap,,,04/09/2026 00:37
06203c2b-3d8d-4740-b94c-fe63ea17b2bc,sculptural.bet,available,8.98,35.98,medium,low,10,namecheap,,,25/08/2026 02:53
efad12cf-9bb4-4136-a2a5-876a9f0b7062,cumbersome.bet,available,8.98,35.98,medium,low,10,namecheap,,,13/08/2026 10:25
7fa06e3f-ca1e-4514-b474-9b7801575f9b,fittest.bet,available,8.98,35.98,medium,low,7,namecheap,,,18/09/2026 04:12
6eb58213-692c-4595-938f-dc27e33031db,onto.bet,resell,,,high,low,4,Dynadot Inc,27/11/2025 10:42,27/11/2026 10:42,01/10/2026 02:29
16ef5672-19b3-4d62-ac90-92000e46976b,badgering.bet,available,8.98,35.98,medium,low,9,namecheap,,,13/09/2026 13:19
2f89b617-db96-4309-8a24-dc03410ed1fb,temperate.bet,available,8.98,35.98,high,low,9,namecheap,,,11/09/2026 10:48
7c1bd74a-2de4-43cf-93d3-8c554bce9e93,nsf.bet,available,9.58,20.91,high,low,3,porkbun,,,28/09/2026 10:31
68a9b809-3cec-4d85-8d92-144a567070ba,unearned.bet,available,8.98,35.98,medium,low,8,namecheap,,,12/09/2026 08:43
64bfe638-6090-4e9f-bc45-cb70874b6e81,csp.bet,available,20.2,20.2,high,low,3,cloudflare,,,30/09/2026 21:01
95301807-bcd6-4e9f-a516-4187fa03a47a,proclaimed.bet,available,8.98,35.98,medium,low,10,namecheap,,,22/09/2026 05:13
7f58dfd3-2292-4ae2-b33b-9751c8d62d68,proving.bet,available,8.98,35.98,high,low,7,namecheap,,,28/09/2026 11:26
021cf86e-6c0b-4008-b893-065c3c304e89,thoroughly.bet,available,8.98,35.98,medium,low,10,namecheap,,,14/09/2026 17:01
93d6d9a6-aba7-436a-9b2f-e2fb838e67cf,badness.bet,available,8.98,35.98,medium,low,7,namecheap,,,08/08/2026 07:23
a8fef8f2-03c2-4765-8260-a90569c3e97a,apropos.bet,available,,,high,low,7,,,,
3abaa71b-0075-4387-81a7-b4aec09908c3,listens.bet,available,8.98,35.98,medium,low,7,namecheap,,,29/09/2026 11:31
c726530a-1568-4f70-8234-987395bfdc39,imports.bet,available,8.98,35.98,low,low,7,namecheap,,,01/10/2026 00:34
933f4359-894d-409d-bad8-b98d42762aa8,tramontana.bet,available,8.98,35.98,medium,low,10,namecheap,,,11/09/2026 18:50
47a5288c-7534-4d3f-8b0e-b03858dc980e,turbulent.bet,available,8.98,35.98,medium,low,9,namecheap,,,14/08/2026 12:26
0179f19a-77a4-470f-bd12-66dd27f7bebf,choking.bet,available,8.98,35.98,medium,low,7,namecheap,,,24/09/2026 14:44
7ef2fc4e-232c-46af-9ba6-b533591a5e33,aubergine.bet,available,8.98,35.98,high,low,9,namecheap,,,21/09/2026 02:33
04849a02-9020-483d-b599-e884fda4c032,verily.bet,available,17.99,33.99,medium,low,6,name.com,,,16/09/2026 10:51
4164e18e-ccdf-40a6-a12f-c356518b70cf,extinct.bet,available,8.98,35.98,high,low,7,namecheap,,,17/08/2026 19:11
4e2cec43-ee53-4363-90ab-2b82c4d5302a,extinction.bet,available,9.85,21.62,medium,low,10,dynadot,,,29/09/2026 13:38
4ac40989-4766-4259-b182-48f3f3630fde,shaggy.bet,available,8.98,35.98,medium,low,6,namecheap,,,11/08/2026 11:17
9c1fee9e-9eac-4a85-a95c-3bd57b140142,edified.bet,available,8.98,35.98,medium,low,7,namecheap,,,15/08/2026 09:32
f4785f31-766a-4288-89a5-5fe3cb1ea4e6,geriatric.bet,available,8.98,35.98,medium,low,9,namecheap,,,18/08/2026 22:42
3495ea4c-254b-4d02-96c7-be977a31552a,bands.bet,available,8.98,35.98,medium,low,5,namecheap,,,16/09/2026 12:26
5d19cdf6-dcc0-48be-9df6-68c66871bd19,awhile.bet,available,9.85,21.62,medium,low,6,dynadot,,,28/09/2026 13:12
c0bfada6-14ad-4889-9647-b4816ac0e506,unbroken.bet,available,8.98,35.98,high,low,8,namecheap,,,22/08/2026 15:36
01a71f56-3396-4210-b4aa-b563a5faf844,necromancy.bet,available,17.99,33.99,medium,low,10,name.com,,,23/09/2026 23:53
c252a451-39e7-4876-ab84-68e8d0c421e2,shrubby.bet,available,8.98,35.98,medium,low,7,namecheap,,,18/08/2026 17:15
9b00f5d7-a712-43a5-890e-12cb434e0fcb,jovian.bet,available,8.98,35.98,medium,low,6,namecheap,,,22/08/2026 14:02
d1e05b15-e66b-4ebf-bf22-7c2bc55cfaba,coronary.bet,available,8.98,35.98,high,low,8,namecheap,,,13/08/2026 01:44
d6b8cd5a-a42b-472b-a7aa-5f99cfd06fd4,grave.bet,available,8.98,35.98,high,low,5,namecheap,,,20/08/2026 18:38
e61eb019-6910-40e5-9599-1684c0b63af3,repressed.bet,available,8.98,35.98,medium,low,9,namecheap,,,08/09/2026 14:49
92094292-c10e-4b7b-8113-4b619044629a,bluegrass.bet,resell,,,high,low,9,,,,02/10/2026 04:05
a10e5a36-e603-438b-8c47-3c68e71ee835,microbar.bet,available,8.98,35.98,medium,low,8,namecheap,,,22/09/2026 03:48
f8da1a1f-189d-472f-843e-041fea6ea266,evasion.bet,available,7.96,20.9,high,low,7,spaceship,,,29/09/2026 18:40
d26e662e-0274-447a-992b-1532f26ff2bb,without.bet,available,20.2,20.2,high,low,7,cloudflare,,,30/09/2026 23:19
ea753502-03e8-4b6f-88f7-d2c3ac207594,logical.bet,resell,,,high,low,7,"Sav.com, LLC - 8",26/03/2026 15:15,26/03/2027 15:15,26/09/2026 07:17
27112ca2-c05b-4f7a-8702-75fd60b17d7b,undreamt.bet,available,8.98,35.98,medium,low,8,namecheap,,,12/09/2026 08:24
0545588d-4a70-4187-b732-ae420b4d0342,randolph.bet,available,8.98,35.98,high,low,8,namecheap,,,25/09/2026 14:59
819716b4-e2f4-4b73-a450-4180c20a1a40,rapacious.bet,available,8.98,35.98,medium,low,9,namecheap,,,15/08/2026 05:26
6e332b3f-2427-4421-8553-6410dc5164e0,perjury.bet,available,8.98,35.98,medium,low,7,namecheap,,,22/09/2026 21:18
f99e94a0-9b19-4990-9eff-d446ecd911e7,option.bet,premium,85.8,85.8,high,low,6,namecheap,,,22/09/2026 02:42
3126d1de-81c4-479c-9ca7-d8adf552548a,unipolar.bet,available,8.98,35.98,medium,low,8,namecheap,,,12/09/2026 13:46
93e00968-180b-41b6-b435-f0686c8a9bca,ossified.bet,available,8.98,35.98,medium,low,8,namecheap,,,18/08/2026 13:15
7c2188c6-aadb-470c-9e59-4e1e2d5def7f,bloodshed.bet,available,13.5,,medium,low,9,unstoppable,,,30/09/2026 08:05
1f403478-3326-4f60-8fe8-a231c8d8d4c4,wilkes.bet,available,7.96,20.9,medium,low,6,spaceship,,,27/09/2026 12:29
ad1293fc-db7c-4809-a052-4318394dab63,devalued.bet,available,8.98,35.98,medium,low,8,namecheap,,,14/08/2026 05:02
e8dba7cd-3bcc-4ea4-8394-dccb35f8130f,mission.bet,resell,,,high,medium,7,Dynadot Inc,05/06/2026 17:00,05/06/2027 17:00,29/09/2026 13:45
1e3523d4-082c-4f3b-9378-2451782cb77d,barrie.bet,available,8.98,35.98,medium,low,6,namecheap,,,22/09/2026 08:37
376663f1-0667-4fda-89e1-df324b73c9ea,drown.bet,available,8.98,35.98,medium,low,5,namecheap,,,30/09/2026 18:50
01609ed8-6a15-4f64-8081-f53f57fb0478,arrest.bet,available,8.98,35.98,high,low,6,namecheap,,,20/08/2026 22:54
2957adb5-c398-44ab-ac72-1abfc000b4cb,steriliser.bet,available,8.98,35.98,medium,low,10,namecheap,,,21/09/2026 06:06
f39cef39-aac2-403b-8b2f-38d8912d3186,irina.bet,available,13.5,,high,low,5,unstoppable,,,29/09/2026 15:31
20ca1ed9-f4ed-4b2d-a506-74cdc6398ff9,studies.bet,available,8.98,35.98,high,low,7,namecheap,,,16/09/2026 11:06
f8041996-40ba-4b58-89bd-b198e780d4b6,interstate.bet,available,8.98,35.98,high,low,10,namecheap,,,25/09/2026 10:24
762fa400-b73a-4fe6-bf15-d5bcfa0b6869,opaline.bet,available,8.98,35.98,medium,low,7,namecheap,,,04/09/2026 15:45
93a166cf-b8f6-49c0-a3a6-7c9e0a69fb1d,finely.bet,available,8.98,35.98,high,low,6,namecheap,,,14/09/2026 11:23
0c860039-1392-4e72-86a5-dea07085ba28,simultaneous.bet,available,20.2,20.2,high,low,12,cloudflare,,,30/09/2026 06:08
c34521b4-04d9-49b0-93f7-9962b449fa7e,useful.bet,resell,,,high,low,6,"Sav.com, LLC - 9",26/03/2026 15:15,26/03/2027 15:15,28/09/2026 10:01
aa036aff-d50e-4d97-9854-8d684800a480,negligence.bet,available,7.96,20.9,medium,low,10,spaceship,,,29/09/2026 07:40
2e80d96c-cf5d-48c9-b9f2-cac7e1269199,moravian.bet,available,8.98,35.98,high,low,8,namecheap,,,25/08/2026 06:14
4a7d50f1-1db8-4a21-88a1-4f344ce80580,cocksucker.bet,available,8.98,35.98,medium,low,10,namecheap,,,08/08/2026 23:29
456f80a3-9576-4fa2-9a9e-34830a4090b9,upstairs.bet,available,7.96,20.9,high,low,8,spaceship,,,28/09/2026 09:59
c4c8bc80-05f0-4c5c-8eb2-a4f991694c3f,wegener.bet,available,8.98,35.98,medium,low,7,namecheap,,,18/09/2026 06:39
65e29e7e-0b21-4f23-bebe-7f0d075fbc83,berber.bet,available,17.99,33.99,high,low,6,name.com,,,23/09/2026 09:07
ef6e9a16-df4c-4bfc-a495-8015e08495d8,byron.bet,available,20.2,20.2,medium,low,5,cloudflare,,,28/09/2026 18:32
63e50cb0-e978-430c-858c-a4c3a7cc1a8b,lesion.bet,available,8.98,35.98,medium,low,6,namecheap,,,13/09/2026 13:28
0c00e5da-bb09-4ed6-8a02-64f0f13a1c37,sacramento.bet,premium,258.95,258.95,high,low,10,spaceship,,,29/09/2026 18:11
fb2094c5-619a-44db-83c3-34e57864acb0,athletic.bet,premium,650,650,high,low,8,namecheap,,,21/09/2026 16:12
a4287f70-e44f-49ca-8852-36fa1e99f549,leven.bet,available,9.58,20.91,medium,low,5,porkbun,,,01/10/2026 22:22
14a66b06-7b6f-499d-99b2-81453c11b704,binge.bet,resell,,,high,low,5,"GoDaddy.com, LLC",16/01/2024 22:30,16/01/2027 22:30,26/09/2026 04:25
153b9faa-f824-43ae-9175-eba01b7d50df,greetings.bet,available,20.2,20.2,high,low,9,cloudflare,,,01/10/2026 18:03
b9fb2f10-2d3d-4491-92f5-c7f5f7651db9,complexly.bet,available,8.98,35.98,medium,low,9,namecheap,,,14/09/2026 07:45
b3aa2c6a-6868-4dbe-8b5e-2308100be40a,crenshaw.bet,available,7.96,20.9,high,low,8,spaceship,,,30/09/2026 04:24
45789d38-6534-4d71-a84e-b10b925cb978,moynihan.bet,available,7.96,20.9,medium,low,8,spaceship,,,29/09/2026 18:33
66ddb539-6764-41dd-8cdb-0870d6d6bbe5,millicent.bet,available,7.96,20.9,medium,low,9,spaceship,,,02/10/2026 00:11
4ba3f772-77a1-4493-876b-39cd6717d52d,asker.bet,available,8.98,35.98,medium,low,5,namecheap,,,20/09/2026 14:27
c48fa158-e621-4cbf-8560-800191621967,sewed.bet,available,8.98,35.98,medium,low,5,namecheap,,,10/09/2026 05:05
d46b6652-8efc-49da-8bb0-2316c3b69b86,landlord.bet,available,8.98,35.98,high,low,8,namecheap,,,28/09/2026 02:14
b93167c6-0098-4797-87b1-b21641f07948,whitten.bet,available,20.2,20.2,medium,low,7,cloudflare,,,30/09/2026 04:15
21389a95-1c47-47d9-bdc0-1fd1b4a19712,girls.bet,resell,,,high,low,5,"GoDaddy.com, LLC",03/03/2016 16:30,03/03/2027 16:30,26/09/2026 06:23
0a866e0c-7ce4-40be-8cb8-56594b9283ef,alkalic.bet,available,8.98,35.98,medium,low,7,namecheap,,,
da4f9cca-0289-4a86-80c5-eaa265df8347,shakedown.bet,available,8.98,35.98,medium,low,9,namecheap,,,10/09/2026 05:40
1354fd64-ef36-43fa-972a-2383c732cf0e,bandsaw.bet,available,8.98,35.98,high,low,7,namecheap,,,22/09/2026 00:49
b8526efd-42fe-435a-908c-188917eb4803,turks.bet,available,8.98,35.98,medium,low,5,namecheap,,,29/09/2026 16:41
3049f38e-41a1-41e3-88d5-941fb3d5b4a8,adenauer.bet,available,17.99,33.99,medium,low,8,name.com,,,17/09/2026 07:24
b54926a9-4d21-4d93-99d6-ffd1f6bdb76b,administered.bet,available,9.58,20.91,medium,low,12,porkbun,,,29/09/2026 16:19
4205d61d-83b2-40ff-be79-580326fa01e7,bulgarian.bet,available,8.98,35.98,high,low,9,namecheap,,,11/08/2026 08:23
9df44c9e-1b5c-4efc-8053-ee2e58c9f922,gilded.bet,available,8.98,35.98,high,low,6,namecheap,,,25/09/2026 10:30
67015f4f-5f35-4a4f-bc78-aa00c100d99b,adventurous.bet,available,7.96,20.9,high,low,11,spaceship,,,29/09/2026 14:20
a2c15699-2d14-49bb-b6e7-5aedefc02528,earthman.bet,available,8.98,35.98,medium,low,8,namecheap,,,11/09/2026 10:45
f458d384-e3f2-4950-a767-ecee4eb993ac,elves.bet,available,7.96,20.9,high,low,5,spaceship,,,29/09/2026 18:45
b5374094-4ff0-4597-9398-86b507ea9a07,abstinence.bet,available,8.98,35.98,high,low,10,namecheap,,,16/09/2026 18:24
1b9fa407-d152-4784-b9fc-74dc992b995b,removable.bet,available,8.98,35.98,medium,low,9,namecheap,,,03/09/2026 23:44
5a17a48c-edb4-4f29-a483-d43d4e47c68c,demons.bet,available,8.98,35.98,low,low,6,namecheap,,,25/09/2026 21:42
49bfad49-5ac2-4814-ba93-17048ccb2108,gargantuan.bet,available,8.98,35.98,medium,low,10,namecheap,,,16/08/2026 03:33
d5ec8b25-b98f-440b-8935-9960e63e6fb3,cummings.bet,available,8.98,35.98,medium,low,8,namecheap,,,25/09/2026 04:27
e233d748-3c5f-4357-a893-b0a464fc8482,incorrect.bet,available,8.98,35.98,high,low,9,namecheap,,,25/09/2026 08:08
fd57b306-72db-4c00-b3cf-bbd4357d12b5,abatis.bet,available,8.98,35.98,medium,low,6,namecheap,,,16/09/2026 14:12
9eccb3de-8f47-478d-b6bf-58016b6f6edd,splinter.bet,available,9.58,20.91,medium,low,8,porkbun,,,30/09/2026 11:03
bdd5bc59-2c1d-4f0e-b442-194250915c8d,rosedale.bet,available,13.5,,high,low,8,unstoppable,,,02/10/2026 01:06
d284673d-a5da-4867-ac31-e37a6e093710,meager.bet,available,8.98,35.98,medium,low,6,namecheap,,,24/08/2026 18:02
ac9c4375-c1d9-42b7-bc34-d64e88e1a6cc,lawrencium.bet,available,8.98,35.98,medium,low,10,namecheap,,,20/09/2026 22:00
583e37c9-4e64-4980-8668-556b9bb4f1f5,speechless.bet,available,8.98,35.98,medium,low,10,namecheap,,,19/09/2026 16:52
056b1e20-272c-47a6-87c7-1b2944a78a0e,stahl.bet,available,7.96,20.9,high,low,5,spaceship,,,29/09/2026 11:00
449117ae-30e5-487f-aabb-039d11333fb9,matching.bet,available,8.98,35.98,high,low,8,namecheap,,,12/08/2026 13:23
3a9e4671-9ce1-4ebe-b4b2-922579855fda,untenable.bet,available,8.98,35.98,medium,low,9,namecheap,,,22/08/2026 02:35
370702eb-bc21-4e50-aae5-ae93274823ce,puddle.bet,available,8.98,35.98,high,low,6,namecheap,,,13/09/2026 09:43
0675b48c-4206-4bc2-a5c0-59e6ace5b288,exorcism.bet,available,7.96,20.9,medium,low,8,spaceship,,,02/10/2026 04:46
f9de4428-1f69-4b0e-83ba-acbed3b41de2,economical.bet,available,8.98,35.98,high,low,10,namecheap,,,24/09/2026 13:25
3e23618b-86e6-4210-b328-9212f870fe72,abkhazian.bet,available,8.98,35.98,medium,low,9,namecheap,,,
9f87c3cd-edb1-4a2b-8ab1-c1e06b95b222,unburied.bet,available,8.98,35.98,medium,low,8,namecheap,,,12/09/2026 04:40
dd589cc9-4ccc-48a8-a09e-782741948e0a,fodder.bet,available,17.99,33.99,medium,low,6,name.com,,,24/09/2026 12:05
38e84cd6-025e-472a-a736-306b861dee9b,reflects.bet,available,8.98,35.98,medium,low,8,namecheap,,,17/09/2026 15:27
e7959b35-2d8d-4e6f-b359-69dd372a86da,pennate.bet,available,8.98,35.98,medium,low,7,namecheap,,,08/09/2026 14:37
6032a8db-c094-434b-99ed-b74a1248d6b3,schedules.bet,available,20.2,20.2,medium,low,9,cloudflare,,,29/09/2026 05:57
2b95a731-d900-4ac6-8c00-db023073bb22,aberdeen.bet,available,8.98,35.98,high,low,8,namecheap,,,16/09/2026 15:10
b70459d1-c46f-40ee-a845-138f191a1810,recreation.bet,premium,250.5,325,medium,low,10,unstoppable,,,01/10/2026 15:30
6fcb3493-4f8d-428f-a45c-0beaafe33f94,polyhedral.bet,available,8.98,35.98,medium,low,10,namecheap,,,08/09/2026 23:24
e1810f49-825c-453d-a0e9-81a755df49a7,antiseptic.bet,available,8.98,35.98,high,low,10,namecheap,,,22/09/2026 06:54
b5a9f318-a4e8-4eaf-861a-f80eccb465a7,compiled.bet,available,8.98,35.98,medium,low,8,namecheap,,,01/10/2026 16:08
5db644f7-df05-4d2d-8dbb-a33bdf072f5f,coimbra.bet,available,7.96,20.9,medium,low,7,spaceship,,,30/09/2026 21:37
78d30f04-708b-4b97-9b03-fb06c52bebaa,fathomable.bet,available,8.98,35.98,medium,low,10,namecheap,,,17/08/2026 23:40
95859080-fc60-4197-9344-2fe4329164a8,lone.bet,available,20.2,20.2,medium,low,4,cloudflare,,,28/09/2026 22:59
df415117-75cc-46eb-8912-4e89e3434b4c,entirely.bet,available,8.98,35.98,high,low,8,namecheap,,,
80e4d1e1-bc5a-4a77-a914-45e8579bca17,regulator.bet,available,7.96,20.9,high,low,9,spaceship,,,29/09/2026 20:08
bde60e5a-5646-43fc-a121-9d99d4d7e8fe,emerging.bet,available,8.98,35.98,high,low,8,namecheap,,,16/08/2026 15:03
2f9ecb6c-9a44-44e2-9c40-26fd88b97ac1,attributed.bet,available,9.58,20.91,medium,low,10,porkbun,,,30/09/2026 14:55
dc416435-3545-4ca2-a613-09b7a9b437ec,anecdotes.bet,available,7.96,20.9,low,low,9,spaceship,,,02/10/2026 03:02
d08c02d2-dfb3-4058-909c-52e99685be52,anciently.bet,available,8.98,35.98,medium,low,9,namecheap,,,13/09/2026 19:42
1acf495d-b3ca-4381-bbe4-013a68ebab6a,bmt.bet,available,13.5,,high,low,3,unstoppable,,,30/09/2026 20:59
b5d728d2-f601-48f3-ac4e-6629bf47582f,yamaguchi.bet,available,7.96,20.9,medium,low,9,spaceship,,,29/09/2026 23:46
a8269457-42fd-40ae-ad6a-c81222adca39,astylar.bet,available,8.98,35.98,medium,low,7,namecheap,,,07/08/2026 10:15
2dca4c09-8aaf-4451-a9ab-c6bba74e05fb,ankle.bet,available,8.98,35.98,high,low,5,namecheap,,,19/09/2026 09:40
89de8a6e-28fa-4333-8e8d-6f419ecfd1c7,dipper.bet,available,8.98,35.98,high,low,6,namecheap,,,23/09/2026 14:29
072f38d1-eaef-4bbd-a83b-2d78fd27f637,arugula.bet,available,8.98,35.98,medium,low,7,namecheap,,,20/09/2026 12:10
a8a8b332-6bc3-4355-ac36-8a1067097c5c,visible.bet,available,20.2,20.2,high,low,7,cloudflare,,,27/09/2026 19:29
f273b331-6dd4-4e9e-ba73-5830943480a8,ahn.bet,available,20.2,20.2,medium,low,3,cloudflare,,,30/09/2026 20:22
c9eb00be-eb4e-420a-972e-63ca1b272a07,mated.bet,available,8.98,35.98,medium,low,5,namecheap,,,24/08/2026 17:10
27892982-b7df-4dd0-b760-fc0f47ab236d,acervulus.bet,available,17.99,33.99,medium,low,9,name.com,,,16/09/2026 23:44
7bcf8d71-7834-4f4d-a05e-a0a8ab19bbf3,andante.bet,available,8.98,35.98,medium,low,7,namecheap,,,
9bf7f2fd-c155-4473-b3d7-10eb856bf545,chromosome.bet,available,20.2,20.2,medium,low,10,cloudflare,,,30/09/2026 09:09
7616619a-4cc0-4478-997f-91a209b154e9,marries.bet,available,7.96,20.9,medium,low,7,spaceship,,,28/09/2026 23:51
014ea085-364c-4a17-bf5d-4b2ad881fa29,thermal.bet,available,8.98,35.98,high,low,7,namecheap,,,23/09/2026 12:37
77a37ef0-9336-4045-9623-e4005875e7f6,diocese.bet,available,8.98,35.98,high,low,7,namecheap,,,23/09/2026 21:58
e48eef48-317e-4fdf-ae49-39cd3c0492c3,banners.bet,available,19.99,43.99,medium,low,7,godaddy,,,01/10/2026 00:27
27fa56b2-a7d3-476f-8088-8ecd9b35f167,whiten.bet,available,20.2,20.2,medium,low,6,cloudflare,,,28/09/2026 10:28
b3a5b521-5ffa-4c63-94bf-237c920d719c,pto.bet,available,8.98,35.98,high,low,3,namecheap,,,02/10/2026 06:08
8b1b49cb-a784-49f9-bcad-941f53ce4d93,lossy.bet,available,8.98,35.98,medium,low,5,namecheap,,,24/08/2026 09:58
a38f6b86-144f-48d4-8af4-2fbcf20d73de,lager.bet,available,9.85,21.62,high,low,5,dynadot,,,30/09/2026 01:47
a49bd2b1-9aa8-4aac-bcd1-920882e3061b,glamour.bet,resell,,,high,low,7,Dynadot Inc,12/02/2025 05:50,12/02/2027 05:50,26/09/2026 06:23
2bbce9ed-93f2-48ee-b85c-c3a6535ad810,ain.bet,available,,,high,low,3,,,,
3075b870-fe33-4b09-bf79-5ab23c4aaab0,astringent.bet,available,8.98,35.98,medium,low,10,namecheap,,,
a194b4cd-1dda-498b-9f19-98f48472df2e,lovesick.bet,available,8.98,35.98,medium,low,8,namecheap,,,24/08/2026 10:18
d8cbfe14-eab6-4be2-bced-3ef7d819e83a,relational.bet,available,8.98,35.98,high,low,10,namecheap,,,09/09/2026 13:20
9a325e54-c0c9-483e-b2b2-33502604d948,adenoma.bet,available,8.98,35.98,medium,low,7,namecheap,,,17/09/2026 07:30
7e87ace9-d1ed-4f48-b907-b81a83424125,espouse.bet,available,8.98,35.98,medium,low,7,namecheap,,,13/09/2026 09:39
7da3de38-7522-4fd6-95e1-8b6f15ea742d,peralta.bet,available,9.85,21.62,medium,low,7,dynadot,,,01/10/2026 17:33
d82873c2-27b8-4b33-9ac6-359683fde6bf,acerbity.bet,available,8.98,35.98,medium,low,8,namecheap,,,16/09/2026 23:41
3f862c82-4d27-456d-a0af-66c2a6825234,autarky.bet,available,8.98,35.98,medium,low,7,namecheap,,,21/09/2026 05:04
31b8f307-85d7-48f4-870c-34d4be1f9ef6,gunman.bet,available,7.96,20.9,medium,low,6,spaceship,,,01/10/2026 02:21
f02c30d9-cd45-4fd1-b7ff-988162aadc95,mothers.bet,available,8.98,35.98,high,low,7,namecheap,,,18/09/2026 06:34
cb4ef7bc-81e4-470d-b578-18af0ea03dba,mates.bet,resell,,,high,low,5,,,,28/09/2026 10:21
25d31f00-4960-4249-905f-88d391daf73a,kemal.bet,available,7.96,20.9,medium,low,5,spaceship,,,30/09/2026 05:10
b216ea0a-3e7d-4ee9-9319-e0ff8630ba44,iceberg.bet,resell,,,high,low,7,Dynadot Inc,09/12/2024 06:52,09/12/2026 06:52,26/09/2026 06:47
1402dd48-5b07-47a7-a253-64f0c52a7a27,swimmingly.bet,available,8.98,35.98,medium,low,10,namecheap,,,16/09/2026 02:58
be145759-baee-4ae1-9609-81867d4f0073,bleacher.bet,resell,,,high,low,8,"GoDaddy.com, LLC",23/02/2019 03:56,23/02/2027 03:56,26/09/2026 04:28
5bba911c-e303-4209-ac12-4d9b69a79cb9,slid.bet,available,9.58,20.91,medium,low,4,porkbun,,,30/09/2026 14:18
dc2e4e0c-47be-4c25-8d5d-1191f25e6344,diversely.bet,available,8.98,35.98,medium,low,9,namecheap,,,14/09/2026 13:25
3fdfc9f1-fe93-4b7b-b08a-5be5e46be3c5,rudimentary.bet,available,20.2,20.2,high,low,11,cloudflare,,,01/10/2026 13:29
702bd140-756a-48df-b835-20029c4a232e,vocal.bet,available,8.98,35.98,high,low,5,namecheap,,,26/09/2026 03:23
9e4668c1-ad7d-46b7-b0a8-78839b4c6192,baring.bet,available,8.98,35.98,medium,low,6,namecheap,,,22/09/2026 06:03
9a35aca6-c851-4148-b2c9-e3199463930f,elaborate.bet,available,8.98,35.98,high,low,9,namecheap,,,24/09/2026 07:12
8f407338-76b7-48d8-8302-919cea52b5d9,biotite.bet,available,8.98,35.98,medium,low,7,namecheap,,,23/09/2026 19:13
fe73ae0f-d5dc-4372-9c00-057ee9cc2e12,series.bet,resell,14.99,,high,low,6,"Sav.com, LLC",05/03/2026 09:12,05/03/2027 09:12,26/09/2026 08:56
ad2ac652-82d3-43d3-b68a-d7abdd02cf4a,dmitry.bet,available,7.96,20.9,high,low,6,spaceship,,,29/09/2026 15:33
76640824-866d-4042-a772-70f99a61cd3c,backfield.bet,available,8.98,35.98,medium,low,9,namecheap,,,21/09/2026 15:27
cd6a8c62-84e6-4c01-869a-1aab38ce34d8,collegial.bet,available,8.98,35.98,medium,low,9,namecheap,,,12/08/2026 17:06
42fd4edf-d884-4c9a-8bce-a419c8c87922,announces.bet,available,8.98,35.98,medium,low,9,namecheap,,,21/09/2026 01:47
32646f48-7158-4c1c-8da4-7b4fc9eb1c71,twain.bet,available,7.96,20.9,medium,low,5,spaceship,,,02/10/2026 04:28
86d70ec4-d99d-450c-a913-42cdca99f2e4,undaunted.bet,available,8.98,35.98,high,low,9,namecheap,,,12/09/2026 07:00
d3f55c01-f93d-48ec-befa-2df6a44e70e6,lessing.bet,available,7.96,20.9,medium,low,7,spaceship,,,30/09/2026 17:03
0015bffc-050f-4067-b029-5dcc8fb088da,comfortable.bet,available,17.99,33.99,high,low,11,name.com,,,26/09/2026 00:46
75e850a2-5a0e-4924-bf8f-99f5b2565a55,bathe.bet,available,20.2,20.2,high,low,5,cloudflare,,,29/09/2026 01:32
1401b837-f4e1-4031-a425-bf379e7c2ae2,ramjet.bet,available,8.98,35.98,medium,low,6,namecheap,,,20/09/2026 20:48
b96e75cc-1523-451d-a5f4-592600b2fa79,withholding.bet,premium,68.51,68.51,medium,low,11,spaceship,,,30/09/2026 06:21
16956101-8fce-4bda-b2f5-242dffa41b1a,typewriter.bet,available,7.96,20.9,high,low,10,spaceship,,,29/09/2026 02:27
a66f84ae-c3aa-41e4-b4e1-43e22cc8b4d4,strokes.bet,available,20.2,20.2,medium,low,7,cloudflare,,,29/09/2026 04:49
1fa2ba51-4be3-4fbc-b859-61a6655f42a6,arethusa.bet,available,8.98,35.98,medium,low,8,namecheap,,,20/09/2026 04:04
0cd01717-762f-4358-a3bb-7690e165ecaa,now.bet,resell,,,high,medium,3,"Sav.com, LLC",22/05/2018 10:22,22/05/2027 10:22,28/09/2026 01:14
b39f91c2-ffb2-4845-aee0-2a95e86f526d,domination.bet,available,8.98,35.98,high,low,10,namecheap,,,24/09/2026 23:26
3550c67b-7376-45eb-a52a-1d250c6f1ed8,messed.bet,available,8.98,35.98,medium,low,6,namecheap,,,17/09/2026 16:53
80d77b3c-e7d0-4491-9f3e-f0e262118e6b,mattered.bet,available,9.85,21.62,medium,low,8,dynadot,,,01/10/2026 18:12
0de73fb5-95dc-4859-a3cf-53c6d6290a0f,bissau.bet,available,8.98,35.98,medium,low,6,namecheap,,,23/09/2026 22:06
edb6f98a-8fe2-416a-931c-7305e8ca1b57,rebirth.bet,available,19.99,43.99,high,low,7,godaddy,,,30/09/2026 02:16
cff6e03e-479b-4585-abb0-5bda750f35be,defiantly.bet,available,8.98,35.98,medium,low,9,namecheap,,,14/09/2026 08:33
6dfce260-4d9a-4dcc-9e6f-811aaeea4a04,murderer.bet,available,8.98,35.98,medium,low,8,namecheap,,,25/09/2026 08:59
39c2c2f4-a8c4-4414-9215-edb7d680a730,dedham.bet,available,13.5,,medium,low,6,unstoppable,,,29/09/2026 22:43
eca0d59b-c5a7-485d-9a51-f63b89a40f2b,bereaved.bet,available,8.98,35.98,low,low,8,namecheap,,,09/08/2026 15:03
91ac0959-7126-40c5-b4f2-add954bfa88f,prone.bet,available,8.98,35.98,medium,low,5,namecheap,,,27/09/2026 07:37
18f34ef0-167e-47f8-a841-396b7400cab2,missy.bet,available,20.2,20.2,high,low,5,cloudflare,,,02/10/2026 04:51
3ad9d3dd-2d29-41fb-912e-210f3fe7dd01,sleekly.bet,available,8.98,35.98,medium,low,7,namecheap,,,16/09/2026 02:30
afaddffe-c1fd-42aa-9a1b-7accd3456312,smartly.bet,resell,,,high,low,7,Dynadot Inc,26/12/2025 11:33,26/12/2026 11:33,28/09/2026 13:57
f4f8063f-86c4-4a13-98bf-25ae31c16d9a,xviii.bet,available,8.98,35.98,medium,low,5,namecheap,,,21/09/2026 12:00
d38265e2-3882-40a8-bcd8-4df738f3f597,prink.bet,available,8.98,35.98,medium,low,5,namecheap,,,21/09/2026 02:05
0fbba628-a85e-4ec8-bc8f-1255c54aafe4,husbandry.bet,available,8.98,35.98,high,low,9,namecheap,,,17/08/2026 22:35
971a3ca4-b58d-40b3-9898-7fbe9396fdc5,madness.bet,resell,,,high,low,7,,,,27/09/2026 04:07
e4be314c-2d6a-4d85-b659-ec590062bf55,bitters.bet,available,8.98,35.98,medium,low,7,namecheap,,,23/09/2026 23:09
f0ea0cd6-97e0-4ca8-bbde-30a6d78852f9,funnily.bet,available,8.98,35.98,medium,low,7,namecheap,,,14/09/2026 20:40
578a6bbc-e2ff-4e8a-b095-2080b556921d,boarded.bet,available,9.58,20.91,high,low,7,porkbun,,,01/10/2026 23:19
ffcf84b5-f131-4579-9e4c-a324ca4cb558,shiatsu.bet,available,8.98,35.98,medium,low,7,namecheap,,,17/09/2026 05:40
855e8466-3be3-4d0a-90a1-82b982b61363,grumble.bet,available,8.98,35.98,medium,low,7,namecheap,,,20/08/2026 20:38
ba794cb1-c6e8-49d2-9107-cccaf3dcad1d,begins.bet,available,8.98,35.98,medium,low,6,namecheap,,,25/09/2026 20:45
37d91ee4-2066-43a9-967a-17438e5d7ae5,sweets.bet,available,8.98,35.98,high,low,6,namecheap,,,01/10/2026 15:28
80cf986e-1f82-44ea-b98a-b882b56df6af,minutely.bet,available,8.98,35.98,medium,low,8,namecheap,,,15/09/2026 15:04
dd74893e-591a-4daf-abdf-9f8eeb059d49,replies.bet,available,8.98,35.98,medium,low,7,namecheap,,,18/09/2026 09:15
04c34947-f4a6-4e88-b75a-383d34d828f4,fsa.bet,available,20.2,20.2,high,low,3,cloudflare,,,29/09/2026 08:40
332d10aa-81c1-4380-ad0e-93c2f56ec198,profitless.bet,available,8.98,35.98,medium,low,10,namecheap,,,09/09/2026 02:50
2775aa89-f10f-46f7-a03f-0fa032f608ec,altoona.bet,available,8.98,35.98,medium,low,7,namecheap,,,18/09/2026 15:04
8e752c53-ef9a-44a5-a6be-93dbec796fd9,boycott.bet,available,8.98,35.98,medium,low,7,namecheap,,,24/09/2026 07:48
fb2c063f-efe2-447a-a287-7362c9fb2576,parvenue.bet,available,8.98,35.98,medium,low,8,namecheap,,,03/09/2026 22:16
3c7d3e10-ca04-4b9c-9390-59d53f06edf5,thematic.bet,available,8.98,35.98,high,low,8,namecheap,,,11/09/2026 12:43
28a835e4-8744-4439-bf12-0cc0a049499b,newcomb.bet,available,9.85,21.62,high,low,7,dynadot,,,29/09/2026 13:33
3fb27b97-7884-4344-991a-182c43ed7bd8,adobo.bet,available,8.98,35.98,medium,low,5,namecheap,,,17/09/2026 09:29
9551ef0d-eacd-45c9-8625-46e91f88ae5a,prestige.bet,resell,,,high,low,8,,,,29/09/2026 07:53
03f9a291-1d8a-4a94-b5db-21c646f308eb,traverse.bet,available,8.98,35.98,high,low,8,namecheap,,,13/08/2026 07:58
b55f7ae3-784e-4abe-9a12-c983b8959770,domesday.bet,available,7.96,20.9,medium,low,8,spaceship,,,29/09/2026 09:11
82eddb04-bf77-415a-a33e-51dd4c249165,pugin.bet,available,8.98,35.98,medium,low,5,namecheap,,,21/09/2026 04:06
a54c3441-718e-4f76-85c9-b518a14e6ddb,unthinking.bet,available,8.98,35.98,medium,low,10,namecheap,,,24/08/2026 11:16
5aae1d47-f039-4051-b2b4-17ce05c31e89,bodied.bet,available,8.98,35.98,medium,low,6,namecheap,,,10/08/2026 16:44
d26f631c-6053-4858-beb0-c3b704c3cad5,accessary.bet,available,8.98,35.98,medium,low,9,namecheap,,,
6ce0ac41-8ba9-4554-8c4d-3979ed0ed2ac,baisa.bet,available,8.98,35.98,medium,low,5,namecheap,,,21/09/2026 19:36
d4702dbb-8dc7-47f9-b588-4d005d5605ad,anglophile.bet,available,8.98,35.98,medium,low,10,namecheap,,,19/09/2026 06:52
c56ff6e8-dd01-4de8-a0a3-cee3bd02b5b3,patio.bet,available,13.5,,high,low,5,unstoppable,,,29/09/2026 13:40
1dce34d2-0729-4387-a6cf-ab85211dd539,runaway.bet,available,8.98,35.98,high,low,7,namecheap,,,18/08/2026 17:46
61a7d03d-5adf-4566-bc33-74411e185c7f,bitchy.bet,available,8.98,35.98,medium,low,6,namecheap,,,10/08/2026 07:17
82a09009-1cf6-49c4-8e79-d52088238272,bangladeshi.bet,available,13.5,,high,low,11,unstoppable,,,30/09/2026 03:22
2cd6db35-7187-4a9e-acb7-e349f77a4bc6,ebola.bet,available,9.85,21.62,medium,low,5,dynadot,,,30/09/2026 17:06
6a80bb9b-3bc6-4b45-8647-4cf80fc1e8be,cinnabar.bet,available,8.98,35.98,medium,low,8,namecheap,,,12/08/2026 05:49
d9892185-24fe-46e3-9007-2313367d2b20,ague.bet,available,8.98,35.98,medium,low,4,namecheap,,,
cdfdc4da-e04f-4a51-b0cf-7a41785657c2,burt.bet,available,8.98,35.98,medium,low,4,namecheap,,,25/09/2026 03:54
34297221-b150-4b7f-9352-e48718bee0e3,humdrum.bet,available,8.98,35.98,medium,low,7,namecheap,,,21/08/2026 15:05
e930efce-9db0-4236-8854-fc20f86c8e8e,sewn.bet,available,8.98,35.98,medium,low,4,namecheap,,,10/09/2026 05:07
41243f59-2ef3-4f2c-84fa-c7c73f3130f2,atrocious.bet,available,8.98,35.98,medium,low,9,namecheap,,,22/09/2026 11:11
d595aa9d-5eaa-4782-a7c3-f49e0373e3c6,nimiety.bet,available,8.98,35.98,medium,low,7,namecheap,,,17/08/2026 16:13
ededce7b-5f07-4cfc-b691-16a3f9852381,platonic.bet,available,8.98,35.98,high,low,8,namecheap,,,08/09/2026 20:53
200a82c5-8de7-473c-a986-ab3d3515b461,backache.bet,available,8.98,35.98,medium,low,8,namecheap,,,21/09/2026 14:56
4aa369b5-9dbc-40e0-81ac-5a227f0676e7,transported.bet,available,8.98,35.98,medium,low,11,namecheap,,,16/09/2026 07:05
5ed1a839-6ee4-4439-af5b-9acd4d0d0222,dvorak.bet,available,8.98,35.98,medium,low,6,namecheap,,,19/09/2026 15:32
231f5a23-2020-459a-815a-cc5bc7fe1d9d,dances.bet,available,14.99,,high,low,6,name.com,,,
43341712-c92a-4580-8a7a-9a39df08a032,notional.bet,available,8.98,35.98,high,low,8,namecheap,,,12/08/2026 20:01
17fda63c-8351-4058-95ef-2c5faf77e065,shoemaker.bet,available,7.96,20.9,medium,low,9,spaceship,,,01/10/2026 19:00
d78d65a9-27f5-44d1-988a-dd59dd0de414,outfit.bet,available,9.85,21.62,high,low,6,dynadot,,,27/09/2026 13:44
d1c1e10c-12f6-4e5f-8d67-8c1b4541ebef,specializing.bet,available,8.98,35.98,medium,low,12,namecheap,,,20/09/2026 06:01
5a320159-5a8e-4459-b905-5e1c334a6901,toxicant.bet,available,8.98,35.98,medium,low,8,namecheap,,,08/09/2026 22:42
98d3b084-079a-4428-9737-ce634ffca202,dogfish.bet,available,8.98,35.98,high,low,7,namecheap,,,18/09/2026 21:24
550ad63a-be11-4e18-9280-93472b63f42b,jesuit.bet,available,8.98,35.98,high,low,6,namecheap,,,22/08/2026 13:03
c49f60b1-0b5d-4cc8-903b-da7f920aeee0,carping.bet,available,8.98,35.98,medium,low,7,namecheap,,,18/08/2026 00:03
9f532e8f-0299-4a9a-aeb4-59d564d13f1b,slippery.bet,available,8.98,35.98,medium,low,8,namecheap,,,10/09/2026 11:01
a14c7ddb-937a-4004-b907-b27d88c35193,reno.bet,premium,,,high,low,4,,,,28/09/2026 06:40
acb508cb-1198-4830-a130-dd7c29b8ddcc,abbie.bet,available,9.85,21.62,high,low,5,dynadot,,,02/10/2026 00:07
2e6a6e6e-6e35-4153-86e5-8ddb21160f30,prolix.bet,available,8.98,35.98,medium,low,6,namecheap,,,09/09/2026 03:04
3c529d5b-7abb-4418-9255-9bc495b6a20b,tanker.bet,available,13.5,,high,low,6,unstoppable,,,29/09/2026 07:46
1dfbdd61-02d3-4ca8-9039-a351a9f3f19f,tolkien.bet,available,9.85,21.62,medium,low,7,dynadot,,,28/09/2026 19:31
165d77b4-8860-41b0-a24c-2d8ec23b0222,anorak.bet,available,8.98,35.98,medium,low,6,namecheap,,,19/09/2026 11:41
7d47d366-57bd-45f0-9583-b8cc25a869a2,astaire.bet,available,8.98,35.98,medium,low,7,namecheap,,,20/09/2026 16:54
7cf4f2b3-ea2b-48bc-a867-c7e1c2cabd83,customary.bet,available,17.99,33.99,high,low,9,name.com,,,13/08/2026 12:29
c2257109-a9cf-4fb8-ae49-2da1774fb40a,ouse.bet,available,20.2,20.2,medium,low,4,cloudflare,,,01/10/2026 03:10
1ee0c11b-27bd-409e-9c64-c0008f550851,malabar.bet,available,7.96,20.9,high,low,7,spaceship,,,29/09/2026 09:09
229fb79d-b22b-4430-8b5c-ed36e858e219,prevent.bet,available,13.5,,high,low,7,unstoppable,,,30/09/2026 19:55
2b733bd2-6193-41e5-b54f-d030e4f3e49b,applicator.bet,available,8.98,35.98,medium,low,10,namecheap,,,19/09/2026 21:55
5e295e22-d2fc-4202-bcc8-67be294198d1,blackwater.bet,available,8.98,35.98,medium,low,10,namecheap,,,24/09/2026 03:24
1a77b419-f2bd-4237-8d28-a33afba91f15,bitten.bet,available,7.96,20.9,low,low,6,spaceship,,,29/09/2026 10:18
9e808a33-71d8-47b6-bb17-6a116167e202,wherever.bet,available,8.98,35.98,high,low,8,namecheap,,,16/09/2026 11:29
bb1a9ef9-f273-425f-b5df-e95d76ed6311,elects.bet,available,8.98,35.98,medium,low,6,namecheap,,,21/09/2026 04:31
e2bffa53-caa1-4d3c-b1f1-a63f9221105d,larboard.bet,available,8.98,35.98,medium,low,8,namecheap,,,22/08/2026 19:51
077b40dc-a2fa-4253-848d-c9a68374779b,greatly.bet,available,9.58,20.91,high,low,7,porkbun,,,28/09/2026 15:04
8ebaaffc-65e0-4cf0-80b5-a2dac99b8564,urine.bet,available,13.5,,high,low,5,unstoppable,,,28/09/2026 02:54
12b54fe6-c3ba-4d24-8fef-aaec961fa17e,footsteps.bet,available,13.5,,medium,low,9,unstoppable,,,28/09/2026 12:42
3ed01740-81a4-4ee6-8cf5-f4195907788d,fret.bet,available,9.58,20.91,high,low,4,porkbun,,,01/10/2026 01:19
f3df359a-9c8a-4c0b-92a1-e727be72598e,exhausted.bet,available,8.98,35.98,medium,low,9,namecheap,,,14/08/2026 14:43
60710c6f-f45f-4aaf-be19-a0d8c21facff,nihilistic.bet,available,8.98,35.98,medium,low,10,namecheap,,,03/09/2026 17:24
d014a87c-6864-405e-9104-ffbfe9d96547,naomi.bet,available,7.96,20.9,medium,low,5,spaceship,,,28/09/2026 14:57
bb776433-0761-4123-85cd-55629d6438b3,hud.bet,available,20.2,20.2,high,low,3,cloudflare,,,01/10/2026 19:14
b40b6247-434e-41fc-9cf9-61c1ecf108a2,traveled.bet,available,7.96,20.9,high,low,8,spaceship,,,28/09/2026 09:30
bcdc9af3-17bb-431a-9086-5efddd771deb,exuberant.bet,available,8.98,35.98,high,low,9,namecheap,,,25/09/2026 09:53
987a7351-8e21-4cbe-8f20-365f5a077327,drainage.bet,available,13.5,,high,low,8,unstoppable,,,29/09/2026 18:40
9f3e1dc1-f689-4063-a610-8f16930dab64,objective.bet,available,8.98,35.98,high,low,9,namecheap,,,03/09/2026 20:47
aa4c6372-87f8-4d8b-9850-b198e8f1d9d0,bounded.bet,available,8.98,35.98,medium,low,7,namecheap,,,10/08/2026 21:52
8be5d9eb-3cf6-41ea-bf3d-b96c14636f9c,tailed.bet,available,8.98,35.98,medium,low,6,namecheap,,,11/09/2026 07:08
2cd7d6a9-0aa1-4377-84a5-0be27987579a,confiscated.bet,available,13.5,,low,low,11,unstoppable,,,29/09/2026 11:03
145a0541-2253-430e-8b82-53dd5057d70b,centralised.bet,available,13.5,,high,low,11,unstoppable,,,02/10/2026 01:46
614e64a4-b807-4154-b40c-6627eb175a13,bosses.bet,available,8.98,35.98,medium,low,6,namecheap,,,18/09/2026 05:55
367ffa51-805e-481e-9195-efa41756df45,cleanable.bet,available,8.98,35.98,medium,low,9,namecheap,,,12/08/2026 10:19
ee7aeafc-641f-4117-a5ba-75769c2efafb,extract.bet,available,13.5,,high,low,7,unstoppable,,,28/09/2026 14:05
90fcb1ef-6aa2-43cb-90fe-57ada1b1d174,housewives.bet,available,13.5,,medium,low,10,unstoppable,,,30/09/2026 07:09
450cb0fa-13f6-475d-aa82-0ec8997182be,qualify.bet,available,7.96,20.9,high,low,7,spaceship,,,28/09/2026 06:57
e2404668-9a38-47dc-bd1f-942644663917,catholic.bet,available,8.98,35.98,high,low,8,namecheap,,,11/08/2026 22:01
85332b1b-a340-420c-9af5-9ca23e6c1e45,appeal.bet,available,7.96,20.9,high,low,6,spaceship,,,28/09/2026 21:53
933b6eee-2068-4cd9-b294-a31126de1c88,hauling.bet,available,7.96,20.9,high,low,7,spaceship,,,30/09/2026 01:50
73ea27ae-000d-4b23-a631-9662263878c6,coastwise.bet,available,8.98,35.98,medium,low,9,namecheap,,,12/08/2026 14:12
bfc9bef9-0473-427b-a328-08138bb6d15b,hyperbolic.bet,available,8.98,35.98,high,low,10,namecheap,,,21/08/2026 16:44
60dc11dd-98e5-4ab7-8029-aaa4ef8cfeca,albuterol.bet,available,8.98,35.98,medium,low,9,namecheap,,,18/09/2026 03:32
48c76126-c290-43f7-9c42-a871df3972cf,forced.bet,available,8.98,35.98,high,low,6,namecheap,,,23/09/2026 21:10
d06dd68c-2c84-4e98-9a82-cc0b93d02c7b,ives.bet,available,8.98,35.98,high,low,4,namecheap,,,25/09/2026 22:11
0b8a6d2d-8a31-430e-8400-fcef310cf56a,wounding.bet,available,8.98,35.98,medium,low,8,namecheap,,,10/09/2026 17:53
3041d9b2-7d62-47d5-b208-33bffeca0bf3,cassette.bet,available,13.5,,high,low,8,unstoppable,,,29/09/2026 07:37
13f86ad6-75bf-417d-bc5a-0b6fc0de4a8d,veteran.bet,available,7.96,20.9,high,low,7,spaceship,,,28/09/2026 10:15
93dd3931-8ecc-4574-92a5-213382b82728,haifa.bet,available,19.99,43.99,high,low,5,godaddy,,,28/09/2026 02:03
0ba3bd61-ae39-4d7d-a2c0-71cf989775c7,prettiest.bet,available,17.99,33.99,medium,low,9,name.com,,,18/09/2026 03:32
aed30d5e-e553-473f-b059-f46bc40482b8,hirschfeld.bet,available,8.98,35.98,medium,low,10,namecheap,,,18/09/2026 01:20
cfc79e68-37b2-4cd6-9d59-59a0f485d6ce,carried.bet,available,8.98,35.98,medium,low,7,namecheap,,,25/09/2026 17:00
e592541f-d256-408e-9067-e29db109f674,benzocaine.bet,available,8.98,35.98,medium,low,10,namecheap,,,23/09/2026 08:58
7dd62b73-74eb-45c6-8fc8-e8c0b31338b2,beseeching.bet,available,8.98,35.98,medium,low,10,namecheap,,,09/08/2026 15:20
c8887bfe-df28-473d-a336-46e69803cac4,fines.bet,available,9.85,21.62,medium,low,5,dynadot,,,01/10/2026 00:54
41c66d9c-d450-4301-8e2b-c50afc749b28,jarring.bet,available,8.98,35.98,medium,low,7,namecheap,,,22/08/2026 12:26
4ef1fac9-d23a-4dfe-933a-a7626e1bf91e,linearly.bet,available,8.98,35.98,medium,low,8,namecheap,,,15/09/2026 12:25
ae0704c6-261b-4dbd-bb93-46cddd2b8994,dormy.bet,available,8.98,35.98,medium,low,5,namecheap,,,14/08/2026 16:22
1ebe24b8-3e13-455a-85b2-2d530acada04,biscuits.bet,available,20.2,20.2,medium,low,8,cloudflare,,,29/09/2026 17:26
e81d45ef-7930-4170-92aa-77a1a61839b2,longish.bet,available,8.98,35.98,medium,low,7,namecheap,,,24/08/2026 09:40
a2aeb1f2-331d-4534-b28e-646c95c8d7a7,quayle.bet,available,20.2,20.2,medium,low,6,cloudflare,,,01/10/2026 11:02
b52bd5a3-1bdb-4267-b008-0b5ce607c3e4,fatty.bet,available,8.98,35.98,high,low,5,namecheap,,,17/08/2026 23:52
69686d0f-4782-4e01-b132-713bb5035817,apian.bet,available,8.98,35.98,medium,low,5,namecheap,,,05/08/2026 23:47
d3ca2d3b-7e90-4f57-9b96-0cdd9f7cc730,protrusive.bet,available,8.98,35.98,medium,low,10,namecheap,,,09/09/2026 04:20
1114faff-ce3e-4fdd-93b8-53911ce032be,banding.bet,available,8.98,35.98,high,low,7,namecheap,,,22/09/2026 01:17
6f41be51-32af-403d-8886-c39ceb6be7f2,claptrap.bet,available,8.98,35.98,medium,low,8,namecheap,,,24/09/2026 03:39
fe368e29-da13-4cb5-8d8b-56cfd41dd0f9,afrikaans.bet,available,8.98,35.98,medium,low,9,namecheap,,,
d02ad615-8469-401a-acce-a0c91271e6ea,cores.bet,available,9.58,20.91,medium,low,5,porkbun,,,01/10/2026 16:54
342cfd9d-4f3c-4d16-81ea-274121d03bb0,drawings.bet,premium,275,275,medium,low,8,dynadot,,,28/09/2026 13:09
99ee3dd6-60ec-4458-832a-d712c929cf6f,spasm.bet,available,20.2,20.2,high,low,5,cloudflare,,,01/10/2026 19:07
115d24b1-ea2b-46e1-a21c-5e2af02bfb8f,anatoxin.bet,available,8.98,35.98,medium,low,8,namecheap,,,19/09/2026 03:34
ea342ea9-5178-4fbd-831e-19ef32dfa072,blackness.bet,available,8.98,35.98,medium,low,9,namecheap,,,10/08/2026 10:54
8ff231a5-9686-4895-ac17-5ece31b26b61,ciliate.bet,available,8.98,35.98,medium,low,7,namecheap,,,12/08/2026 08:06
b6985761-3708-41ab-a9e8-29d2e5d9b4bf,torso.bet,available,8.98,35.98,high,low,5,namecheap,,,29/09/2026 08:14
d940fd71-3293-4b6b-a04a-5c0ce3301d34,parasite.bet,available,7.96,20.9,medium,low,8,spaceship,,,29/09/2026 01:47
462c1620-9393-4229-88d7-a5407fd0cec9,inmost.bet,available,8.98,35.98,medium,low,6,namecheap,,,22/08/2026 05:51
fe203d1a-6c39-452a-8da2-c3106cfb2b67,sheriffs.bet,available,20.2,20.2,medium,low,8,cloudflare,,,02/10/2026 03:01
4e4f8a28-058f-4156-b177-47cf78b24d7f,apparition.bet,available,8.98,35.98,high,low,10,namecheap,,,08/09/2026 18:34
42daa456-21d6-4ddc-835e-134dad9a6a29,announcements.bet,available,7.96,20.9,low,low,13,spaceship,,,30/09/2026 06:45
0936b11b-49fa-4d02-9ad9-8be130496756,disorderly.bet,available,8.98,35.98,medium,low,10,namecheap,,,14/08/2026 11:51
814145d0-561f-4e32-bfe1-1df3dfa90bb7,reconcile.bet,available,7.96,20.9,high,low,9,spaceship,,,29/09/2026 14:15
faf3a2a0-f5fc-4ece-a77b-f28a477ec281,valery.bet,available,13.5,,medium,low,6,unstoppable,,,30/09/2026 13:51
86b71e6c-39e4-4c32-a93d-dbc06b98d941,alphabetic.bet,available,8.98,35.98,high,low,10,namecheap,,,22/09/2026 02:10
501ed366-32b3-49ac-9790-d53fc09aaac9,stabile.bet,available,8.98,35.98,medium,low,7,namecheap,,,21/08/2026 21:21
fb3b255a-0730-4091-ba69-30d4d07bc62b,epicene.bet,available,8.98,35.98,medium,low,7,namecheap,,,12/08/2026 08:38
31fbda81-c2ec-41bc-bdd5-fa215d561585,causally.bet,available,8.98,35.98,medium,low,8,namecheap,,,14/09/2026 06:01
b13fa8d8-4406-4b2e-85b2-d84a8159fd80,rife.bet,available,8.98,35.98,medium,low,4,namecheap,,,04/09/2026 20:07
ec722f7d-7bb4-4948-a405-09a69272c863,golgi.bet,available,7.96,20.9,high,low,5,spaceship,,,30/09/2026 00:57
7e10295a-e921-401c-962f-9e50cf616784,cuthbert.bet,available,7.96,20.9,medium,low,8,spaceship,,,29/09/2026 03:58
ac54145f-1ab3-44db-b61c-65811fc5d72f,dirt.bet,resell,,,high,low,4,"Sav.com, LLC - 17",26/03/2026 15:15,26/03/2027 15:15,26/09/2026 05:35
9305c1a2-47cd-4272-8af8-29c9b43ebbe9,twits.bet,available,8.98,35.98,low,low,5,namecheap,,,21/09/2026 06:16
bf542f7c-4f02-46a0-9e87-a94de2e36895,aptness.bet,available,8.98,35.98,medium,low,7,namecheap,,,19/09/2026 22:03
56381f96-a8d8-43a8-995c-319c1a3c5d04,signify.bet,available,7.96,20.9,high,low,7,spaceship,,,30/09/2026 19:13
9919e497-f105-449d-b85e-13b5c3da4dbc,hours.bet,available,7.96,20.9,high,low,5,spaceship,,,29/09/2026 23:03
443be3a9-4f07-45f6-b1af-a410402e8187,washes.bet,available,8.98,35.98,medium,low,6,namecheap,,,20/09/2026 04:54
2e46f5f3-3938-4290-8081-94b7d3f94164,spiraling.bet,available,8.98,35.98,medium,low,9,namecheap,,,12/08/2026 16:12
429b2ce7-1b68-447b-8f1c-5936bf748908,condolence.bet,available,7.96,20.9,high,low,10,spaceship,,,29/09/2026 10:42
ce2a726a-96ac-4dcf-813f-8af55e88eedf,tipton.bet,available,20.2,20.2,high,low,6,cloudflare,,,29/09/2026 04:26
c51bdbc1-e62a-4d0b-a12d-90844109f149,emmet.bet,available,8.98,35.98,medium,low,5,namecheap,,,19/09/2026 12:15
113ced97-a2c5-421d-8885-a033e5c06d58,ivanhoe.bet,available,20.2,20.2,medium,low,7,cloudflare,,,01/10/2026 08:05
5a6540bf-6397-404a-bd4e-0ced8cdab993,compilers.bet,available,14.99,,medium,low,9,name.com,,,
e984e5a4-9c1e-48c7-8f32-64be548ae889,portholes.bet,available,8.98,35.98,low,low,9,namecheap,,,19/09/2026 21:54
4bb48b7b-398c-4e50-80b9-8df539e9bbf2,intentionally.bet,available,7.96,20.9,medium,low,13,spaceship,,,28/09/2026 21:25
ebd73b22-5aea-41b1-a048-de1019e7d68e,hauteur.bet,available,8.98,35.98,medium,low,7,namecheap,,,20/09/2026 09:20
861b5b14-8991-49fe-8054-fb81b8f4b920,muddy.bet,available,8.98,35.98,high,low,5,namecheap,,,10/08/2026 17:08
bacbef5e-39b3-4b9b-8aa6-4839dfba72a1,boldly.bet,available,8.98,35.98,high,low,6,namecheap,,,14/09/2026 00:53
bda82884-8919-40bb-94f9-68631344c9dd,unsold.bet,available,8.98,35.98,medium,low,6,namecheap,,,12/09/2026 20:17
60a1ebdc-4d0c-4668-a0f3-c95d5086c45a,viet.bet,resell,,,high,low,4,,,,27/09/2026 07:07
fbd0047e-069c-4ea5-96f6-258facb12fb4,apostrophe.bet,available,8.98,35.98,high,low,10,namecheap,,,19/09/2026 19:30
69086175-f26f-4ecd-96a6-b87b2cda28f4,mustache.bet,available,7.96,20.9,high,low,8,spaceship,,,29/09/2026 19:43
1976a5b7-6f40-4540-8d87-5a82eb2815c0,kmt.bet,available,20.2,20.2,medium,low,3,cloudflare,,,29/09/2026 22:33
5ceb1ec1-53d6-4b05-86f8-0c343b250f9e,rang.bet,available,14.99,,medium,low,4,name.com,,,
31562f37-2c87-4d3b-a7a9-bb978ed14c77,alertness.bet,available,8.98,35.98,high,low,9,namecheap,,,18/09/2026 05:27
195a0151-a80c-40bf-bb67-1eb8110f41c0,oils.bet,available,7.96,20.9,medium,low,4,spaceship,,,30/09/2026 00:28
0b210bf0-659f-4e98-bbaf-628f60a8f5fc,unicorns.bet,available,8.98,35.98,high,low,8,namecheap,,,25/09/2026 15:03
5786466d-1cb4-4953-9456-9d2e0266374d,magnetised.bet,available,8.98,35.98,medium,low,10,namecheap,,,24/08/2026 13:06
4359e31e-5927-4dff-856e-09bd6c3194fd,loathing.bet,available,17.99,33.99,medium,low,8,name.com,,,16/09/2026 15:27
259744b9-349d-4eec-953c-6417848b12dd,informer.bet,available,8.98,35.98,medium,low,8,namecheap,,,23/09/2026 11:26
5e3c9a88-8f31-4f42-ace3-6c9a333eadb1,judgment.bet,available,7.96,20.9,high,low,8,spaceship,,,30/09/2026 01:01
ced61398-5b4b-42e5-aea4-b4d0bee93715,prints.bet,available,8.98,35.98,medium,low,6,namecheap,,,17/09/2026 13:53
6a16a6cd-124c-4a5b-9cad-9213de8f4ca4,hybrid.bet,resell,,,high,low,6,Dynadot4 LLC,26/05/2025 15:16,26/05/2027 15:16,26/09/2026 06:46
05be8ff8-b47f-4327-8d97-f965302cc727,kathleen.bet,available,8.98,35.98,high,low,8,namecheap,,,25/09/2026 14:34
13b87fd6-7fd8-4b0f-992a-759f73d3719c,fog.bet,premium,325,325,high,low,3,namecheap,,,25/09/2026 23:40
a15320da-6c61-4277-9f9a-2f4d4bbbe1a8,unmerciful.bet,available,8.98,35.98,medium,low,10,namecheap,,,24/08/2026 20:38
922f0201-285a-4954-931e-970e618f204f,butcher.bet,available,9.85,21.62,medium,low,7,dynadot,,,29/09/2026 03:05
2982947a-15c2-43b8-a415-4e9fa318afba,liverpool.bet,premium,250.5,,high,low,9,unstoppable,,,29/09/2026 07:29
edd750c6-5ec3-4be4-8f22-130748038061,resentful.bet,available,8.98,35.98,medium,low,9,namecheap,,,09/09/2026 14:48
a91dec24-a76e-478b-b2dd-9f748cf6b1f1,arguing.bet,available,8.98,35.98,medium,low,7,namecheap,,,20/09/2026 04:50
77de895d-0379-4818-a1b6-f4b9ad25909b,dormitory.bet,available,7.96,20.9,high,low,9,spaceship,,,29/09/2026 12:05
131c2a0e-b446-4852-af8e-70ff88f4af5f,amphora.bet,available,8.98,35.98,high,low,7,namecheap,,,18/09/2026 23:34
ad2392e4-c979-42a3-9c3f-936d4b3e9edd,arriving.bet,available,14.99,,medium,low,8,name.com,,,
bb5bd960-f640-4156-a02f-5b29b7be0ef9,mingy.bet,available,8.98,35.98,low,low,5,namecheap,,,24/08/2026 23:43
10b3f26a-c685-44cb-80ea-70734ca73f74,spenser.bet,available,8.98,35.98,medium,low,7,namecheap,,,29/09/2026 12:09
5947f5e0-60e1-409b-acb2-d419ec9a65ba,portraits.bet,available,13.5,,medium,low,9,unstoppable,,,30/09/2026 00:16
1b109654-5c5d-4d84-a6a9-5d961b79a045,akkadian.bet,available,17.99,33.99,medium,low,8,name.com,,,18/09/2026 00:10
5cb87faa-4441-47e8-a57e-fa374ab52d5a,aeneas.bet,available,8.98,35.98,medium,low,6,namecheap,,,17/09/2026 12:27
f435831a-2ca7-4365-8c89-d003412e4362,scratching.bet,available,7.96,20.9,high,low,10,spaceship,,,29/09/2026 20:18
3b47460b-e9e1-4515-a61f-430811ff53a2,teetotal.bet,available,8.98,35.98,medium,low,8,namecheap,,,11/09/2026 10:14
80829107-efb4-47b0-baa8-f468131b0575,possessed.bet,available,9.85,21.62,medium,low,9,dynadot,,,28/09/2026 03:28
a3891097-90f7-4bf2-816d-9f2e9f7313c5,widespread.bet,available,8.98,35.98,high,low,10,namecheap,,,24/09/2026 16:57
d6682797-db2e-4de4-b93b-82993f7f4e78,barbara.bet,available,8.98,35.98,high,low,7,namecheap,,,25/09/2026 11:55
aef7ebb3-da89-4f74-8aa9-44c089b53140,sabbatic.bet,available,8.98,35.98,medium,low,8,namecheap,,,09/09/2026 20:32
c8c5c693-68d4-4cb8-81a1-252189cd891d,transonic.bet,available,8.98,35.98,medium,low,9,namecheap,,,10/09/2026 14:11
3845303a-9d8c-490b-9f1d-160fa2f5e405,sociably.bet,available,8.98,35.98,medium,low,8,namecheap,,,14/09/2026 22:21
2a16f46b-219c-4ee0-91cf-11442d19cfae,nitric.bet,available,8.98,35.98,medium,low,6,namecheap,,,08/08/2026 02:58
cb3adc52-d07b-4d1a-a06b-401e9a8dbb6d,momentarily.bet,available,8.98,35.98,medium,low,11,namecheap,,,29/09/2026 23:02
af4a0b8d-2c05-4b7f-8fec-464283bdfef3,conjugal.bet,available,8.98,35.98,medium,low,8,namecheap,,,12/08/2026 22:07
ccb968ab-3bf9-4c91-92bf-aee86f8d5b2f,icky.bet,available,8.98,35.98,medium,low,4,namecheap,,,13/08/2026 05:07
97580ffd-104c-47e3-a947-13b492c80acc,battue.bet,available,8.98,35.98,medium,low,6,namecheap,,,22/09/2026 16:30
d24c0575-499e-4221-b084-f7cc656227ca,enough.bet,available,8.98,35.98,high,low,6,namecheap,,,24/09/2026 14:04
f5f3910a-c686-43e3-a76a-b12dc84468d8,maury.bet,available,7.96,20.9,medium,low,5,spaceship,,,29/09/2026 03:39
ae9b60a4-aeac-4979-8215-9a5cb5fb51cd,beira.bet,available,8.98,35.98,medium,low,5,namecheap,,,23/09/2026 04:20
d49da478-0a91-43be-b934-2ffb8afc0673,cipher.bet,resell,,,high,low,6,Dynadot Inc,24/11/2025 06:06,24/11/2026 06:06,26/09/2026 04:56
45ed7eee-0f77-40ac-9c63-bd1a58cdc155,intimately.bet,available,8.98,35.98,medium,low,10,namecheap,,,15/09/2026 09:03
907a0291-a28f-4f13-843b-486255187a58,dachau.bet,available,7.96,20.9,medium,low,6,spaceship,,,01/10/2026 19:08
93e4e348-b593-47fe-9282-92fffcb2a054,eyetooth.bet,available,8.98,35.98,medium,low,8,namecheap,,,11/08/2026 16:59
e17dd8fb-4793-48d9-9cee-a393014e1f86,cannes.bet,available,17.99,33.99,high,low,6,name.com,,,24/09/2026 12:04
36f6bab1-dd30-4556-bd80-44df8822e2b6,candlenut.bet,available,8.98,35.98,medium,low,9,namecheap,,,18/09/2026 05:37
e0d8faea-2667-428f-af12-d2fe7ded43f0,analytically.bet,available,9.85,21.62,medium,low,12,dynadot,,,01/10/2026 04:36
d195b8cc-2ea7-41b0-b5d0-d76dc7b0eaf9,witch.bet,resell,,,high,low,5,"Sav.com, LLC - 21",26/03/2026 15:15,26/03/2027 15:15,26/09/2026 10:11
9b4a190b-7536-486e-9dbe-b841daffaed1,sons.bet,available,8.98,35.98,medium,low,4,namecheap,,,27/09/2026 09:28
bd39bdec-eeac-4f33-b2b1-73a5e9ab3197,buoyant.bet,available,8.98,35.98,high,low,7,namecheap,,,11/08/2026 10:06
ffda85da-97bc-4b40-8eae-4a8d02e3d2b9,handwriting.bet,available,7.96,20.9,medium,low,11,spaceship,,,28/09/2026 12:30
b0b87c2f-dc0d-4f68-bd82-92e9bc240e70,spoken.bet,available,7.96,20.9,high,low,6,spaceship,,,28/09/2026 00:14
263f60f2-cb43-477f-bfaf-bcf2d9b6dda8,piddling.bet,available,8.98,35.98,medium,low,8,namecheap,,,18/08/2026 03:33
fe0b64c8-7356-4be7-8ada-10b58f4668ef,oem.bet,premium,250.5,,high,low,3,unstoppable,,,30/09/2026 11:44
356d9c8f-a1c4-4ddb-a08b-c96b9425742b,colonized.bet,available,8.98,35.98,medium,low,9,namecheap,,,12/08/2026 17:23
6f5e54fe-1fd7-488f-a92a-76226675c2b9,psalms.bet,available,8.98,35.98,high,low,6,namecheap,,,24/09/2026 07:04
05edb418-ae65-49f9-b2ff-8b9a40563d60,shelley.bet,available,20.2,20.2,medium,low,7,cloudflare,,,28/09/2026 10:20
b85708aa-38b6-4c33-8405-9cf025593622,malamute.bet,available,8.98,35.98,medium,low,8,namecheap,,,18/09/2026 02:06
98e50036-26ae-4f81-abad-81d71cbc9b89,reunite.bet,available,13.5,,high,low,7,unstoppable,,,01/10/2026 04:25
25f1bd3e-f1bb-4db9-835e-586c38f34911,flowing.bet,available,8.98,35.98,high,low,7,namecheap,,,18/08/2026 09:11
a0467ed9-f1d1-4aed-b71b-7acde4b8b22f,cogent.bet,resell,,,medium,low,6,Dynadot Inc,20/12/2024 05:59,20/12/2026 05:59,26/09/2026 05:06
00027639-c2e3-4698-9e58-8bcf18dd3d48,omnipotent.bet,available,8.98,35.98,high,low,10,namecheap,,,
561773aa-4d8a-49da-baa5-137f148a293b,electricity.bet,available,7.96,20.9,high,low,11,spaceship,,,28/09/2026 07:43
e6fb8ad0-4f7b-4237-88a4-1c1cbcdca5df,voluminous.bet,available,8.98,35.98,medium,low,10,namecheap,,,13/08/2026 00:30
2ab14f1a-3bc7-4c46-bb45-28e0723ce587,adps.bet,available,8.98,35.98,medium,low,4,namecheap,,,17/09/2026 09:53
2c4f0139-c5bb-48f0-87c8-19a29783160c,polemical.bet,available,8.98,35.98,medium,low,9,namecheap,,,08/09/2026 22:53
0c17ce76-06cd-4e01-aee5-49c3193ba332,tiresome.bet,available,8.98,35.98,medium,low,8,namecheap,,,10/08/2026 20:03
ab0950dc-abc2-4eb4-a8f6-d0d5fe98203a,bedlam.bet,available,8.98,35.98,medium,low,6,namecheap,,,22/09/2026 23:22
84a67b93-f809-4ef6-9c48-4d04c8a84a22,rossbach.bet,available,8.98,35.98,medium,low,8,namecheap,,,22/09/2026 15:54
5d3d8ad7-f79a-409e-8390-03d0b7abb2b3,sixteen.bet,available,8.98,35.98,high,low,7,namecheap,,,21/09/2026 11:48
e55e0e41-894f-43ca-80da-a87752f019a0,amuse.bet,premium,273.22,273.22,high,low,5,porkbun,,,30/09/2026 15:02
717cab84-7c1a-41d8-a1d2-ff6c2c551b6b,comforting.bet,available,8.98,35.98,high,low,10,namecheap,,,12/08/2026 03:43
09435fe6-70f8-4242-b625-8223e0864eef,earned.bet,available,8.98,35.98,high,low,6,namecheap,,,24/09/2026 12:59
2c552cda-41ef-4a8e-8bc9-78d79c0ef253,neurology.bet,available,7.96,20.9,high,low,9,spaceship,,,01/10/2026 01:29
4555a27b-3bf6-455d-84d6-44d65deee128,purposive.bet,available,8.98,35.98,medium,low,9,namecheap,,,20/08/2026 15:51
d0f2dfa7-cfcb-4e25-b574-ed40fb101cd0,turds.bet,available,8.98,35.98,low,low,5,namecheap,,,18/09/2026 11:32
95943458-8040-4dd6-9372-0df6bc865fba,recommends.bet,available,20.2,20.2,medium,low,10,cloudflare,,,02/10/2026 03:44
90274446-8377-40c3-bc9d-cccdbad75feb,sheepdog.bet,available,14.99,,high,low,9,name.com,,,
c4d0c296-5c27-4205-85d8-113009d7b411,turns.bet,available,8.98,35.98,high,low,5,namecheap,,,18/09/2026 14:48
5673a1cf-64e3-4c81-9475-e463f8562eb7,ligament.bet,available,9.58,20.91,high,low,8,porkbun,,,30/09/2026 10:27
e46bcc53-471e-4dc5-ae34-8dc36eb2bfc6,political.bet,premium,650,650,high,low,9,namecheap,,,27/09/2026 04:28
a883c14f-71aa-4253-8598-ba8307cd093c,nikolai.bet,available,9.58,20.91,high,low,7,porkbun,,,27/09/2026 20:11
8b8aeb37-0d0c-4ac6-b2eb-075cba4e0191,delusional.bet,available,8.98,35.98,medium,low,10,namecheap,,,14/08/2026 00:51
1a671bc0-8a22-4efc-b847-489d4ac929f2,ludicrous.bet,available,8.98,35.98,medium,low,9,namecheap,,,14/08/2026 02:58
6bb16015-5525-4483-9ee7-d07b22fc7207,doob.bet,available,8.98,35.98,medium,low,4,namecheap,,,21/09/2026 18:37
e34ec62b-010a-4680-88f9-339b03af5d64,encomium.bet,available,8.98,35.98,high,low,8,namecheap,,,05/09/2026 00:40
033d4bbb-dc85-46a7-a04e-e9294803f6bc,sashay.bet,available,8.98,35.98,medium,low,6,namecheap,,,11/09/2026 05:14
88dbeb71-f5db-4199-b991-f64192275ed1,overfond.bet,available,8.98,35.98,medium,low,8,namecheap,,,04/09/2026 20:35
1b6377d8-bbdb-4d4c-91a6-867fdfdfb6fe,eatery.bet,available,13.5,,high,low,6,unstoppable,,,01/10/2026 02:34
c3136902-019e-4964-b178-59e103a093e1,grayly.bet,available,8.98,35.98,low,low,6,namecheap,,,14/09/2026 22:14
2102ed24-e9af-40fc-b84e-368ad84b78b2,flavor.bet,available,13.5,,high,low,6,unstoppable,,,28/09/2026 14:12
35b704e3-05d8-4436-945d-5ef581b3f994,sketchy.bet,available,8.98,35.98,high,low,7,namecheap,,,10/09/2026 09:18
cea9c739-680b-4814-a19a-2c1d37ce1a4b,leash.bet,available,8.98,35.98,high,low,5,namecheap,,,
ef0e21fa-6526-4b76-9411-926f3ca88437,narrative.bet,resell,,,high,low,9,"Sav.com, LLC - 28",28/01/2026 15:15,28/01/2027 15:15,26/09/2026 07:42
a7723e38-67d2-40c2-84d7-d9a57a3879f8,experimentally.bet,available,14.99,,medium,low,14,name.com,,,
b3206fcd-ecf3-4f76-9e5a-9d8fdef34796,pedant.bet,available,8.98,35.98,medium,low,6,namecheap,,,09/09/2026 23:15
a6d6766d-cb09-49b2-8e8b-e2ad65ee9fde,shamed.bet,available,8.98,35.98,medium,low,6,namecheap,,,14/08/2026 10:25
975b62b3-7616-474c-b7c0-4867e5657cb3,portion.bet,available,8.98,35.98,high,low,7,namecheap,,,15/09/2026 19:05
fb98faca-4fda-4db5-bd57-237fd3f7eef0,helene.bet,available,20.2,20.2,medium,low,6,cloudflare,,,28/09/2026 12:07
74f279a2-484b-48dc-8f45-a67ffd1acbc7,planned.bet,available,8.98,35.98,high,low,7,namecheap,,,21/09/2026 22:06
21e29ed9-cbbe-4dee-8fc5-bd8d2fba38c6,concerned.bet,available,8.98,35.98,high,low,9,namecheap,,,23/09/2026 18:58
4a5275b5-fba3-4fe3-9183-dddd928f8cf2,ils.bet,available,13.5,,medium,low,3,unstoppable,,,30/09/2026 00:10
b57dd8e9-1e3c-4259-a47d-122b32dbde40,cebu.bet,available,8.98,35.98,medium,low,4,namecheap,,,28/09/2026 18:38
0495d663-1b81-4db2-9713-8ee5f04940d0,crossed.bet,available,8.98,35.98,high,low,7,namecheap,,,13/08/2026 08:18
1a2014d4-0c24-4d99-9b3e-91ab1601bcdd,lenape.bet,available,20.2,20.2,medium,low,6,cloudflare,,,02/10/2026 00:23
6d60e89e-9a28-460d-98e3-f629e3835ce3,zealot.bet,available,8.98,35.98,medium,low,6,namecheap,,,08/09/2026 02:10
0f626caf-d0ff-477d-b725-7e2c1468ff84,adequately.bet,available,20.2,20.2,medium,low,10,cloudflare,,,28/09/2026 11:47
85b0c264-95ae-488a-9a10-76f68b991b51,border.bet,available,8.98,35.98,high,low,6,namecheap,,,23/09/2026 00:10
1106ca37-9bb1-4d60-a54c-7b63b5f8fa91,anethum.bet,available,8.98,35.98,medium,low,7,namecheap,,,19/09/2026 05:35
ebb2f78d-1ac9-440c-b068-38ed96a59d45,radiation.bet,available,8.98,35.98,high,low,9,namecheap,,,17/09/2026 04:59
c377667a-2eb2-4104-ac9a-0e81f8d9067d,barany.bet,available,8.98,35.98,medium,low,6,namecheap,,,22/09/2026 04:13
7e77fe6c-3730-4c18-97f0-aba414f517e9,divine.bet,premium,625,625,high,low,6,name.com,,,
48644a0f-4add-413d-b387-2bc6868ebf93,volcanoes.bet,available,9.58,20.91,medium,low,9,porkbun,,,30/09/2026 15:37
a85ac550-7dcc-49e9-851a-f8fc90e90289,paola.bet,available,20.2,20.2,medium,low,5,cloudflare,,,30/09/2026 15:17
327677e2-71d2-449c-8532-0b5e7c29f147,tarawa.bet,available,8.98,35.98,medium,low,6,namecheap,,,21/09/2026 19:26
c484203b-ebb4-4e39-aabe-7b0ce36de621,depiction.bet,available,13.5,,high,low,9,unstoppable,,,02/10/2026 04:19
f817fae8-9302-49a1-8e12-331f58ced08a,armagnac.bet,available,8.98,35.98,medium,low,8,namecheap,,,20/09/2026 06:29
236af538-b717-4463-a7b0-1b865f4271d2,barm.bet,available,8.98,35.98,medium,low,4,namecheap,,,22/09/2026 06:34
e4d6d303-8ffa-4ce4-bf2a-25ec09cafd54,turkish.bet,available,8.98,35.98,medium,low,7,namecheap,,,11/09/2026 21:18
12aa6bf6-7fdb-4017-b1ce-63e6b4b94b88,unconfused.bet,available,8.98,35.98,medium,low,10,namecheap,,,12/09/2026 01:27
6657d4bf-8b4b-4736-bb3c-6f73e3154bd9,baneful.bet,available,8.98,35.98,medium,low,7,namecheap,,,08/08/2026 09:44
4def6e91-85e5-44ec-aa14-e7f6797cd78a,experimenting.bet,available,13.5,,high,low,13,unstoppable,,,29/09/2026 08:49
2e927ec2-5ad0-44d3-9464-8155038fa180,diagnostic.bet,available,8.98,35.98,high,low,10,namecheap,,,14/08/2026 05:47
54ef13f8-c3e1-4c8b-ab19-c40973269f54,something.bet,available,19.99,43.99,high,low,9,godaddy,,,01/10/2026 00:22
a7ad04c0-d4b7-4d3e-ab68-e4c869e3a844,seminar.bet,available,8.98,35.98,high,low,7,namecheap,,,28/09/2026 06:44
80ba9a09-1065-4f27-abcc-3adb556f563d,nebulose.bet,available,8.98,35.98,medium,low,8,namecheap,,,12/08/2026 12:43
d1761613-ee1d-48b8-8554-92c55b18b932,quebec.bet,premium,1500.5,,high,low,6,unstoppable,,,01/10/2026 03:23
303e917c-d7c5-4715-b353-7fa3d0103541,rhett.bet,available,7.96,20.9,medium,low,5,spaceship,,,02/10/2026 00:53
59ac1bce-5633-4d13-a8f4-305e220cc025,darling.bet,available,8.98,35.98,high,low,7,namecheap,,,09/08/2026 13:48
3b967e09-2bf8-4824-b960-f3a5f334537e,cheeses.bet,available,7.96,20.9,high,low,7,spaceship,,,01/10/2026 23:44
8eb89def-b9d7-4039-988d-10b46548b333,terminators.bet,available,8.98,35.98,low,low,11,namecheap,,,20/09/2026 12:06
96e8d948-4c01-4169-ade5-14df6077b4f6,components.bet,available,13.5,,medium,low,10,unstoppable,,,29/09/2026 16:20
6f1c8d74-9977-4c3e-a7ad-cba6d04e5f66,taipeh.bet,available,8.98,35.98,medium,low,6,namecheap,,,24/09/2026 12:26
ba53b57e-5a23-4605-88d0-f83a0bb759e5,crooner.bet,available,17.99,33.99,medium,low,7,name.com,,,21/09/2026 22:42
de488d39-fa8d-4af4-bf2a-597868bf4ba5,circulated.bet,available,20.2,20.2,medium,low,10,cloudflare,,,02/10/2026 03:37
6860b22b-08b3-455a-a229-e6d48d671686,anonymity.bet,available,8.98,35.98,high,low,9,namecheap,,,19/09/2026 11:38
7ef27b98-5309-4a72-9fe8-5fb39eaf40f1,lister.bet,available,8.98,35.98,medium,low,6,namecheap,,,22/09/2026 07:14
2def56b7-d4f4-437e-afe4-b7a69e5e27cd,airplane.bet,available,8.98,35.98,high,low,8,namecheap,,,27/09/2026 04:01
e1710445-7119-45db-96b6-5026bb7e7502,loads.bet,available,7.96,20.9,high,low,5,spaceship,,,28/09/2026 15:05
1e611d28-452f-41b7-8b06-5b1d5c7cd50d,revolving.bet,available,7.96,20.9,high,low,9,spaceship,,,29/09/2026 14:43
685eef21-3db6-4234-b226-8bbe1a75ec84,pacifist.bet,available,8.98,35.98,high,low,8,namecheap,,,04/09/2026 22:35
434d5cc4-2a22-409f-b66e-d4a04490559d,sweatshirt.bet,available,8.98,35.98,high,low,10,namecheap,,,30/09/2026 12:42
220a20fb-00c7-4ac5-88c2-983e7d4721ce,contestant.bet,available,8.98,35.98,medium,low,10,namecheap,,,14/08/2026 12:45
0acd3070-346d-4a4b-a23b-8480efcd4b40,whimsy.bet,available,8.98,35.98,high,low,6,namecheap,,,20/09/2026 00:42
08816ca5-00ba-43a0-8a52-4a9e7173c61b,humor.bet,available,8.98,35.98,high,low,5,namecheap,,,24/09/2026 06:28
ac6cd7dd-efdd-4f4e-8eb3-a07da622bbe3,leroy.bet,available,8.98,35.98,medium,low,5,namecheap,,,25/09/2026 15:35
0cd07598-0eb9-4c94-81ae-dd166524d8a1,violence.bet,available,8.98,35.98,high,low,8,namecheap,,,27/09/2026 03:55
e423c932-9180-4584-bccd-c49419d6fb3d,athanasius.bet,available,8.98,35.98,medium,low,10,namecheap,,,20/09/2026 20:26
618b7eb4-1d84-43a2-93b7-bbb15e42f1b8,crescent.bet,resell,,,high,low,8,Dynadot Inc,12/12/2024 03:00,12/12/2026 03:00,26/09/2026 05:19
6987af81-7969-4cde-baa7-044584fe5eb4,weirs.bet,available,7.96,20.9,medium,low,5,spaceship,,,02/10/2026 03:06
eac40147-ae76-4d68-8b16-13a02a9ce798,peroxide.bet,available,7.96,20.9,high,low,8,spaceship,,,01/10/2026 02:39
78332ad9-d6d0-4acb-abb6-8b15b15993c6,banns.bet,available,8.98,35.98,medium,low,5,namecheap,,,22/09/2026 02:56
7c06afbc-84d3-4949-afff-39245baaac2e,roaming.bet,available,13.5,,high,low,7,unstoppable,,,30/09/2026 23:48
3b6cbfe2-3ed7-41b3-ab47-b44453dfcecd,wesleyan.bet,available,8.98,35.98,high,low,8,namecheap,,,24/08/2026 22:00
03738f52-5c17-49bd-82e3-b568c7937801,unsteady.bet,available,8.98,35.98,medium,low,8,namecheap,,,12/09/2026 10:21
7947a6f4-230b-410b-b2d8-4e07b972977a,insensitive.bet,available,13.5,,medium,low,11,unstoppable,,,29/09/2026 03:19
aac0b625-2302-4746-abe1-f31e74718c9a,olmsted.bet,available,7.96,20.9,medium,low,7,spaceship,,,28/09/2026 19:15
01eb68fe-d41e-4997-b6a2-80f4d9017fbf,yourself.bet,available,8.98,35.98,high,low,8,namecheap,,,25/09/2026 12:53
74155f9b-5541-4f0a-a9ae-bc8536dba5db,adultery.bet,available,8.98,35.98,medium,low,8,namecheap,,,17/09/2026 10:25
bcd3471f-c5cc-4f25-8e05-0a86bc5ac15a,advisors.bet,premium,250.5,325,medium,low,8,unstoppable,,,28/09/2026 17:13
2c9ab30c-661b-404a-b803-321c59cbc8e1,seasonable.bet,available,8.98,35.98,medium,low,10,namecheap,,,10/09/2026 00:56
e7cbc450-178a-4df2-af72-5d5a90c52364,raids.bet,available,9.85,21.62,medium,low,5,dynadot,,,30/09/2026 07:30
30c2632f-39ba-4bde-aebb-698601280421,secondary.bet,available,8.98,35.98,high,low,9,namecheap,,,25/09/2026 12:14
fba3877a-9226-4d08-99b8-96744b1bed70,whir.bet,available,8.98,35.98,high,low,4,namecheap,,,13/09/2026 11:30
2dd7f8d4-720e-469e-a223-e3a029ebdc51,dung.bet,available,20.2,20.2,medium,low,4,cloudflare,,,30/09/2026 09:30
351f1830-42f0-4f80-a3c5-be90645988b2,ige.bet,available,7.96,20.9,medium,low,3,spaceship,,,01/10/2026 02:40
618fbd3a-c1d6-4af2-8504-bc5394e7365c,violations.bet,available,8.98,35.98,medium,low,10,namecheap,,,29/09/2026 10:53
b0b0f997-82a9-49de-8c82-68dd542a28b5,scripps.bet,available,8.98,35.98,high,low,7,namecheap,,,28/09/2026 05:34
d6bb3a26-f496-4288-aade-a7edfb81c32c,mccormick.bet,available,8.98,35.98,medium,low,9,namecheap,,,25/09/2026 04:30
43b8cc96-5d65-4f87-abe6-47bb1f9c2fb6,indulge.bet,available,8.98,35.98,high,low,7,namecheap,,,21/09/2026 13:04
21a733b8-e28f-47a4-9b90-da8a05f150e5,dickensian.bet,available,8.98,35.98,medium,low,10,namecheap,,,14/08/2026 06:25
ff0d9f89-fdbb-4812-a99f-d3fedc254326,hoarfrost.bet,available,8.98,35.98,medium,low,9,namecheap,,,21/08/2026 10:07
788029ee-e124-412c-b201-6c6963679397,axiomatic.bet,available,8.98,35.98,medium,low,9,namecheap,,,05/08/2026 23:27
1d0ae6dc-571f-41df-913c-7c0fd838591b,righted.bet,available,8.98,35.98,medium,low,7,namecheap,,,20/09/2026 15:58
ca04b76f-407a-41f1-b933-2a9f666c3361,abaya.bet,available,17.99,33.99,medium,low,5,name.com,,,16/09/2026 14:18
71ed4d81-908b-4409-ac8b-2a77537224ea,backpacker.bet,available,8.98,35.98,high,low,10,namecheap,,,21/09/2026 15:44
afefa88c-0a80-4562-9a38-20e31f01024c,unco.bet,available,8.98,35.98,medium,low,4,namecheap,,,15/09/2026 23:08
7d4f2e77-e605-45a9-a66a-0916e01149a9,campaigning.bet,available,7.96,20.9,high,low,11,spaceship,,,01/10/2026 23:43
17441c3b-e28d-4114-80a1-c432e17f2522,choler.bet,available,8.98,35.98,medium,low,6,namecheap,,,19/09/2026 06:04
aa52822a-204e-47f4-89cc-c2a285f27153,humiliated.bet,available,8.98,35.98,medium,low,10,namecheap,,,21/08/2026 15:03
4dbd975e-3f5f-4df4-a20a-f1786a9bba01,billions.bet,premium,273.22,273.22,medium,low,8,porkbun,,,29/09/2026 06:04
386e5148-9ccf-4971-ba24-afebffbf8b40,socialist.bet,available,8.98,35.98,high,low,9,namecheap,,,10/09/2026 13:19
bb92f07e-e979-4708-b99f-2fbd9a3508d6,possibility.bet,available,8.98,35.98,high,low,11,namecheap,,,25/09/2026 16:40
2342adc5-3544-40c2-b207-130507df8522,floccose.bet,available,8.98,35.98,medium,low,8,namecheap,,,18/08/2026 08:36
186274d2-0624-4972-a2e6-38fd31e717b7,flatness.bet,available,8.98,35.98,medium,low,8,namecheap,,,24/08/2026 17:17
9afe8ade-a74a-4caa-ba1d-80a60f321c5e,enrollment.bet,available,20.2,20.2,high,low,10,cloudflare,,,02/10/2026 05:38
3c5cf418-7a85-4919-88bd-561aa2a21dc1,drear.bet,available,8.98,35.98,medium,low,5,namecheap,,,14/08/2026 11:45
a9a4da89-1d6d-4c7f-ad6e-065786173c7d,frame.bet,resell,,,high,low,5,"Sav.com, LLC",02/01/2024 22:17,02/01/2027 22:17,29/09/2026 03:14
39698ccd-1206-402b-95aa-e2f6f3f5ba4c,ring.bet,resell,,,high,low,4,"Sav.com, LLC - 22",07/03/2025 15:15,07/03/2027 15:15,28/09/2026 21:16
6ed5d8fa-fbf6-4522-b7e0-1a8c3b13b0fe,tycoons.bet,available,8.98,35.98,medium,low,7,namecheap,,,19/09/2026 22:53
ec6431cd-5b09-41b3-8651-17558028ea29,monticello.bet,available,7.96,20.9,medium,low,10,spaceship,,,28/09/2026 12:25
96c88b01-c5c8-4a13-8eaf-1ff8203bb7e1,purchaser.bet,available,8.98,35.98,high,low,9,namecheap,,,24/09/2026 11:22
9f032e73-2d79-4c7d-b2a7-d83a8b87d6c7,third.bet,available,,,high,low,5,,,,
b4200b6c-f41d-46e4-b810-619bc1f7adf3,exogenous.bet,available,8.98,35.98,medium,low,9,namecheap,,,17/08/2026 17:33
9ae42fc9-7f1c-4c60-9a5f-1fde42b151dd,parade.bet,resell,,,high,low,6,Dynadot Inc,30/12/2025 20:52,30/12/2026 20:52,26/09/2026 08:01
b10fe0d9-54ff-4e77-95a3-6ab59a223724,taal.bet,available,8.98,35.98,medium,low,4,namecheap,,,
205f2817-cb3c-4724-873a-1984c261fb46,powell.bet,available,8.98,35.98,high,low,6,namecheap,,,25/09/2026 04:09
2f2ffc82-c913-4707-a88e-0d26431ea9c1,dss.bet,premium,68.51,68.51,high,medium,3,spaceship,,,30/09/2026 13:05
532e195f-2c08-47f4-934d-4505fa76c2c4,downright.bet,available,8.98,35.98,high,low,9,namecheap,,,14/08/2026 17:50
4f9699dc-85ad-49eb-ac41-0feffc546493,stops.bet,available,13.5,,high,low,5,unstoppable,,,30/09/2026 12:10
45af3846-5fb6-4cae-9771-509736c0646a,antinomy.bet,available,8.98,35.98,medium,low,8,namecheap,,,19/09/2026 14:49
120c90a4-0ad5-4e64-aa08-0e5081ea12cb,errol.bet,available,9.85,21.62,medium,low,5,dynadot,,,30/09/2026 12:54
da96246b-8e1d-4b84-9e7c-ec8e71f47ef5,dramatically.bet,available,8.98,35.98,medium,low,12,namecheap,,,29/09/2026 14:45
adafafc0-a073-44a0-bfb6-ecd18aff14f6,aqaba.bet,available,8.98,35.98,medium,low,5,namecheap,,,17/09/2026 23:49
dc050be1-798d-47d9-b9eb-1821a282a374,were.bet,available,13.5,,high,low,4,unstoppable,,,30/09/2026 22:32
e7f03eb4-0b5b-4c41-922a-d7f1ab7c0c9b,sebring.bet,available,13.5,,medium,low,7,unstoppable,,,01/10/2026 23:35
773b9c4f-e214-45a3-b96b-edcb79724b61,tried.bet,available,19.99,43.99,high,low,5,godaddy,,,28/09/2026 02:21
b25c6aac-aa1b-4f60-bd7e-187d9f94e9d2,ibnsina.bet,available,8.98,35.98,medium,low,8,namecheap,,,16/09/2026 18:41
f94d94eb-a5f5-4d07-90b7-ff98cc44d11d,stoic.bet,resell,,,high,low,5,"Sav.com, LLC - 22",26/03/2026 15:15,26/03/2027 15:15,26/09/2026 09:19
99fbc69a-8e48-4d9e-b30a-78ba1b957f30,raced.bet,available,8.98,35.98,high,low,5,namecheap,,,30/09/2026 00:22
8dd7191a-e90f-4593-a312-1b62be9ecdef,smasher.bet,available,8.98,35.98,high,low,7,namecheap,,,22/08/2026 16:38
f7a8a7e1-12a8-4e9b-a66c-20f218b5307e,provincial.bet,available,8.98,35.98,medium,low,10,namecheap,,,11/08/2026 07:37
679c0791-87f9-4625-a1ec-96923236e34e,ellicott.bet,available,7.96,20.9,medium,low,8,spaceship,,,01/10/2026 12:35
edc137d4-159f-4d3e-afe3-f5c0872cf385,dissolving.bet,available,8.98,35.98,high,low,10,namecheap,,,24/09/2026 23:08
df66d6c9-9a42-4fe2-b283-c6d63b0c00f4,observable.bet,available,8.98,35.98,high,low,10,namecheap,,,03/09/2026 23:59
1862827a-8af9-46fa-9b59-56ef0392e673,levine.bet,available,8.98,35.98,medium,low,6,namecheap,,,25/09/2026 16:14
8de84adf-5bae-435b-aac1-3fb78873474b,circumstances.bet,available,8.98,35.98,medium,low,13,namecheap,,,27/09/2026 02:27
49caa43f-b1b7-4e62-af58-34471e668d20,overwhelmed.bet,available,14.99,,medium,low,11,name.com,,,
c13fd473-598e-44d7-ae6e-47215f129bc1,intention.bet,available,8.98,35.98,high,low,9,namecheap,,,22/08/2026 07:55
a090d5e5-8e3d-4d1d-a933-52d455456878,gumbo.bet,available,8.98,35.98,high,low,5,namecheap,,,16/09/2026 15:04
cf613cc4-56bb-489d-aaf4-319866456b66,caesium.bet,available,8.98,35.98,medium,low,7,namecheap,,,20/09/2026 23:16
ec21dd9f-feb6-48b9-8d1d-7ba13681c980,anaheim.bet,premium,325,325,high,low,7,namecheap,,,19/09/2026 01:31
2d53959c-65fd-4223-bfb0-518c35a3442b,candles.bet,available,8.98,35.98,high,low,7,namecheap,,,18/09/2026 07:24
a12ca6f1-2742-454a-9051-23f3eba96481,eagles.bet,premium,258.95,258.95,high,low,6,spaceship,,,28/09/2026 16:13
b7020c0f-6090-4c5e-8239-c3fe5f95a112,fourthly.bet,available,8.98,35.98,medium,low,8,namecheap,,,18/08/2026 13:50
2ce6b274-8df6-4a92-bf23-dcc5c67950a0,itchy.bet,available,8.98,35.98,medium,low,5,namecheap,,,05/08/2026 20:43
67ad6fb2-fa5e-42eb-bee3-4e6c665b4ab5,simeon.bet,available,13.5,,medium,low,6,unstoppable,,,01/10/2026 21:41
f8a8b038-a4d0-42b9-ada2-2bdf720312dd,abeam.bet,available,8.98,35.98,medium,low,5,namecheap,,,13/09/2026 16:11
ad89b8d1-32b5-403f-bc36-d21fabf516b7,iconic.bet,resell,,,high,medium,6,"Network Solutions, LLC",05/06/2025 15:15,05/06/2027 15:15,26/09/2026 06:47
b1467074-0041-43dc-a25d-abb7b4413d11,slaughtered.bet,available,7.96,20.9,medium,low,11,spaceship,,,29/09/2026 05:12
50f0a93b-86fb-481f-8059-9a85ea45a44c,kissinger.bet,available,9.85,21.62,medium,low,9,dynadot,,,28/09/2026 10:01
c76c25df-96fb-4080-a10f-8e01e58e230f,lullaby.bet,available,8.98,35.98,high,low,7,namecheap,,,23/09/2026 09:09
1c36536e-8f29-479a-a645-49142a875c07,markers.bet,available,7.96,20.9,low,low,7,spaceship,,,29/09/2026 06:04
b9712108-e9a0-4cba-b81d-addb43131ca0,tomas.bet,available,7.96,20.9,medium,low,5,spaceship,,,28/09/2026 04:37
df542030-057e-4ae4-8fe7-be7b679fa4ac,armin.bet,available,8.98,35.98,high,low,5,namecheap,,,20/09/2026 07:10
d3241cd0-30b9-489f-9e5e-7b9c7754b002,joliet.bet,available,13.5,,medium,low,6,unstoppable,,,29/09/2026 01:26
160e23f0-2ee2-4920-ab72-ddb0d9e0821d,admission.bet,available,8.98,35.98,high,low,9,namecheap,,,16/09/2026 22:12
19294253-f82b-437e-b3ae-756a4e462a73,barthelme.bet,available,8.98,35.98,medium,low,9,namecheap,,,22/09/2026 09:06
189da774-3bcf-45e9-99fc-cdb91ef4f932,asynergy.bet,available,8.98,35.98,medium,low,8,namecheap,,,20/09/2026 18:52
fa0e8e67-7206-4d06-be0d-85374ca9d73c,hepworth.bet,available,8.98,35.98,medium,low,8,namecheap,,,22/09/2026 04:23
7db1339f-91e9-4893-8784-8a66bcfb03f2,orphan.bet,available,7.96,20.9,high,low,6,spaceship,,,30/09/2026 06:17
d707099e-743c-490f-b0a3-e0253184aebc,diploma.bet,available,20.2,20.2,high,low,7,cloudflare,,,29/09/2026 15:03
39c1f904-b882-42ad-b415-1da4e8440b45,battered.bet,available,8.98,35.98,medium,low,8,namecheap,,,22/09/2026 18:12
064bf5ea-fed8-420d-884f-83d294db8c3d,freddy.bet,available,13.5,,high,low,6,unstoppable,,,28/09/2026 07:49
20f2ba46-d903-46fc-97f4-cf2623e9961e,alula.bet,available,8.98,35.98,high,low,5,namecheap,,,18/09/2026 15:04
3549adc5-ee8d-423d-855f-7dcb7dc8c3e5,topological.bet,available,13.5,,medium,low,11,unstoppable,,,29/09/2026 23:29
7cc83f84-821e-4cbc-b203-0f9eb42447ae,glenn.bet,available,8.98,35.98,high,low,5,namecheap,,,25/09/2026 06:35
ace37d82-a3ba-4dfb-8569-985b266eebf7,til.bet,available,8.98,35.98,high,low,3,namecheap,,,28/09/2026 11:25
9bf72423-d740-4128-b3fa-a188e4f29559,aquitania.bet,available,8.98,35.98,medium,low,9,namecheap,,,19/09/2026 23:18
fa2cad16-c4c9-4136-b8c3-570e74daad11,eine.bet,available,20.2,20.2,medium,low,4,cloudflare,,,29/09/2026 22:17
d5034919-2a14-44ea-acc5-82dbe4360cdb,lightwood.bet,available,8.98,35.98,medium,low,9,namecheap,,,16/09/2026 20:15
01e1c96a-6018-483e-9e73-c5d7a645b2e1,canyon.bet,available,13.5,,high,low,6,unstoppable,,,28/09/2026 05:22
0f95948a-9609-4638-8902-3399bbe77cee,indicating.bet,available,7.96,20.9,medium,low,10,spaceship,,,29/09/2026 10:48
5f2983cd-8e91-4126-bfbf-bf4d6501a26b,finals.bet,available,8.98,35.98,high,low,6,namecheap,,,18/09/2026 22:07
0bb8b2b5-bf44-45ae-897b-9d4059a91fc9,communicating.bet,available,13.5,,medium,low,13,unstoppable,,,28/09/2026 17:54
b4a74026-142f-4c70-8702-93dedeab4989,artificially.bet,available,13.5,,medium,low,12,unstoppable,,,30/09/2026 12:09
c3ae77f9-38a4-4391-af2a-aae812728cb3,sabbatical.bet,available,8.98,35.98,high,low,10,namecheap,,,09/09/2026 20:30
6dcf8242-f498-4b49-9c53-df31f54a3381,forester.bet,available,8.98,35.98,medium,low,8,namecheap,,,20/09/2026 00:50
3c3e8af9-81dc-4cf2-9ff0-ca0cc54d711b,livable.bet,available,8.98,35.98,high,low,7,namecheap,,,24/08/2026 07:42
f4021086-4cf6-4c7d-8867-33b1b8bcdce3,senatorial.bet,available,8.98,35.98,medium,low,10,namecheap,,,10/09/2026 03:38
1a0b9535-1137-41f3-b105-1a6238fa128e,lordship.bet,available,9.85,21.62,medium,low,8,dynadot,,,28/09/2026 19:44
905c3a94-baff-4561-8e61-546724682a35,cabaret.bet,available,13.5,,high,low,7,unstoppable,,,30/09/2026 16:32
1041ef90-bd56-43c7-94f0-e6f34c4b7f10,formosa.bet,available,13.5,,high,low,7,unstoppable,,,28/09/2026 05:46
2d13b104-48bd-4895-bb82-327fe9fce7a2,soursop.bet,available,8.98,35.98,medium,low,7,namecheap,,,19/09/2026 10:36
8e8f615a-0e13-4014-8cda-5689762e6a1e,brewing.bet,available,8.98,35.98,high,low,7,namecheap,,,29/09/2026 18:06
a06bad3a-9663-4b97-89d8-20d14972c463,experiences.bet,premium,,,medium,low,11,,,,28/09/2026 04:46
9918e745-b619-490c-9ad1-c69e181c1562,barnyard.bet,available,8.98,35.98,high,low,8,namecheap,,,22/09/2026 06:58
5deb110e-71a9-41dc-8751-607b06f051de,insurance.bet,resell,,,high,medium,9,"Global Domains International, Inc. DBA DomainCostClub.com",13/04/2026 15:16,13/04/2027 15:16,29/09/2026 23:58
0804132b-659d-4190-933b-1ff08d094bf9,transmit.bet,available,9.85,21.62,high,low,8,dynadot,,,29/09/2026 04:29
4e031d00-c52d-456b-bc8b-546084b77ffd,schell.bet,available,8.98,35.98,medium,low,6,namecheap,,,02/10/2026 00:38
f176c89e-2cf4-40db-98e7-467f6038bb04,janis.bet,available,7.96,20.9,high,low,5,spaceship,,,29/09/2026 09:40
c7f631d8-9b76-4b36-9532-81e570a7f3a7,analphabet.bet,available,8.98,35.98,medium,low,10,namecheap,,,
74e518ad-bebe-426d-898c-9d26880e6218,popularity.bet,available,13.5,,high,low,10,unstoppable,,,28/09/2026 10:44
1510e5b2-4c91-4cfe-b72f-269b14bc82c6,suburbs.bet,available,13.5,,low,low,7,unstoppable,,,29/09/2026 05:04
3631fe47-8bb3-42a5-84b9-1918fda2462c,barroom.bet,premium,85.8,85.8,medium,low,7,namecheap,,,22/09/2026 03:34
416960a0-b3a9-4fde-88e4-c2134d09426d,appleton.bet,available,8.98,35.98,medium,low,8,namecheap,,,19/09/2026 21:41
8c10e8c4-1b07-4fcc-a6be-33cf4690a7f3,lurk.bet,available,8.98,35.98,high,low,4,namecheap,,,11/09/2026 08:38
a0c3cfae-4770-4f84-a462-a57e236aaa8a,unflavored.bet,available,8.98,35.98,medium,low,10,namecheap,,,03/09/2026 19:15
73b8df0f-dd51-40d1-99c4-4ac53980fdb8,truthful.bet,available,8.98,35.98,high,low,8,namecheap,,,11/09/2026 20:51
5be125e4-a7a1-44c1-a255-f6997946d76a,natalie.bet,available,8.98,35.98,high,low,7,namecheap,,,25/09/2026 14:26
561cc02b-a26b-403e-8718-a0c9db27caf2,forsythe.bet,available,13.5,,medium,low,8,unstoppable,,,30/09/2026 16:08
1b8f20be-0aba-44a4-87e5-5e6207f8ecf1,anthyllis.bet,available,8.98,35.98,medium,low,9,namecheap,,,19/09/2026 14:04
c8fb8b13-37e2-44c8-8204-34abfcbf8a4e,traditionally.bet,available,13.5,,medium,low,13,unstoppable,,,29/09/2026 20:59
cd15c4ee-df92-4e95-963c-417f768845ef,ayatollah.bet,available,8.98,35.98,high,low,9,namecheap,,,21/09/2026 10:36
e91f6889-b0d7-4cbe-b545-a0bfabd4b34b,function.bet,resell,,,high,low,8,"Sav.com, LLC - 32",26/03/2026 15:15,26/03/2027 15:15,29/09/2026 20:12
0457a772-0ef4-4243-979c-e4ddf4be0a2b,pamela.bet,available,14.99,,high,low,6,name.com,,,
a64110f8-684b-475e-ab1c-c1f0bfcd7319,spotting.bet,available,7.96,20.9,high,low,8,spaceship,,,30/09/2026 17:13
fbc8073d-d868-4aaa-939f-f55226a87238,otero.bet,available,20.2,20.2,medium,low,5,cloudflare,,,02/10/2026 00:57
552a3e50-1fd2-427d-84f8-91159b01c076,landon.bet,available,7.96,20.9,medium,low,6,spaceship,,,28/09/2026 22:03
16d7b515-a4d4-4eb5-8ef4-39e51630d68b,septuple.bet,available,8.98,35.98,medium,low,8,namecheap,,,10/09/2026 04:23
8768fedb-5904-40c3-baf8-e7c6323d7524,acetonic.bet,available,8.98,35.98,medium,low,8,namecheap,,,
b199981e-1be7-477a-88b9-c5985d82d3f4,diazo.bet,available,8.98,35.98,medium,low,5,namecheap,,,14/08/2026 06:23
4415f395-f5be-4796-ba86-3b61cd34da05,contorted.bet,available,8.98,35.98,medium,low,9,namecheap,,,12/08/2026 23:22
c39ed24e-2de2-416e-afc2-e4c864b459a8,frankie.bet,available,8.98,35.98,high,low,7,namecheap,,,26/09/2026 03:25
fe79d100-8c16-4196-bcd5-9039fe4b2555,radiantly.bet,available,8.98,35.98,medium,low,9,namecheap,,,15/09/2026 22:18
f69a2a99-8891-4250-a851-deb0a8452932,arpeggio.bet,available,8.98,35.98,high,low,8,namecheap,,,20/09/2026 08:37
e210552d-eade-4adc-a850-0c845c3f569a,callable.bet,available,8.98,35.98,medium,low,8,namecheap,,,11/08/2026 14:26
b6631221-38c8-4e09-9091-e5b924c54145,graft.bet,available,8.98,35.98,high,low,5,namecheap,,,24/09/2026 10:15
4c58693b-9382-428d-951c-44ce51b1b29e,arbitrarily.bet,available,13.5,,medium,low,11,unstoppable,,,01/10/2026 22:22
61f5b4e1-47c1-47e0-9f97-644e3a8cc39d,fonts.bet,available,8.98,35.98,medium,low,5,namecheap,,,20/09/2026 22:56
a3b0c0d3-c00d-489f-980e-da1fb1f64564,conclude.bet,available,7.96,20.9,high,low,8,spaceship,,,28/09/2026 10:47
ee0fa026-9a66-4287-a132-b8836d73df3d,fia.bet,resell,,,medium,low,3,,,,28/09/2026 09:02
cb5486fa-dbe7-49ee-ad03-c3e8b5eb318f,amr.bet,available,8.98,35.98,high,low,3,namecheap,,,29/09/2026 22:13
e1976864-40b6-457f-84f2-8ecc2043ee70,candied.bet,available,8.98,35.98,medium,low,7,namecheap,,,11/08/2026 16:48
1e228520-f2d7-4a18-8b4b-8bdbf79ffae3,impure.bet,available,8.98,35.98,medium,low,6,namecheap,,,21/08/2026 23:30
cd028edb-2716-49f1-838f-bd6614e3f773,scout.bet,resell,,,high,medium,5,"Spaceship, Inc.",22/01/2024 16:16,22/01/2027 16:16,26/09/2026 08:51
76301a44-0554-4d87-96f0-2ae087c32d1e,lymphatic.bet,available,8.98,35.98,medium,low,9,namecheap,,,24/08/2026 12:33
b2c68b08-df1a-4f2d-b27b-77211bdebeb0,sherrill.bet,available,7.96,20.9,medium,low,8,spaceship,,,02/10/2026 00:53
00941d99-d4ef-4e66-b0fb-2925273036ca,substantially.bet,available,8.98,35.98,medium,low,13,namecheap,,,29/09/2026 21:22
704631e9-0f45-4016-a6aa-b64088aa1e95,odo.bet,available,7.96,20.9,medium,low,3,spaceship,,,01/10/2026 03:09
63260d07-9a8a-4833-9177-783e9379852d,crave.bet,premium,258.95,258.95,high,low,5,spaceship,,,01/10/2026 20:26
7416ec09-8e98-41ba-9a1d-10bb888e65f8,ribeiro.bet,available,13.5,,medium,low,7,unstoppable,,,30/09/2026 21:59
7e8f2f97-ba18-45d8-93a9-7555f9b31b19,curtiss.bet,available,7.96,20.9,high,low,7,spaceship,,,27/09/2026 12:50
dac1365f-8a94-421a-b823-717fa910654a,brushing.bet,available,20.2,20.2,medium,low,8,cloudflare,,,29/09/2026 04:50
a001d398-a078-4d7b-a6b9-2fbb2b79c9ce,restricted.bet,available,7.96,20.9,high,low,10,spaceship,,,27/09/2026 13:02
7a4e911b-8681-4591-b3d3-3c2b17b02260,pittsfield.bet,available,13.5,,high,low,10,unstoppable,,,29/09/2026 07:52
ab42df4d-65b6-4791-a8ee-26724775cbf7,killing.bet,available,8.98,35.98,medium,low,7,namecheap,,,22/08/2026 15:57
572ce1fb-3aa7-434d-8d97-a7c7db821a18,listened.bet,available,8.98,35.98,medium,low,8,namecheap,,,25/09/2026 19:45
172a69c1-2c8e-48ab-bb6a-bfc63165b60b,full.bet,resell,,,high,low,4,"GoDaddy.com, LLC",03/03/2016 16:24,03/03/2027 16:24,26/09/2026 06:16
635f2631-5d4b-4639-bca6-fe4805dfd76d,objections.bet,available,13.5,,low,low,10,unstoppable,,,28/09/2026 13:15
ad7bedb0-ba1d-4751-a1d1-88b02545589c,facial.bet,available,8.98,35.98,high,low,6,namecheap,,,17/08/2026 20:25
a93d1117-bcb6-4039-8ded-bc8ade111010,upcountry.bet,available,8.98,35.98,medium,low,9,namecheap,,,24/08/2026 22:37
0d9e4f02-a6d2-429c-92ef-3eafc0b97257,commonweal.bet,available,14.99,,medium,low,11,name.com,,,
96699221-0991-4467-8eaf-32cfb65d2a4f,misfortune.bet,available,8.98,35.98,high,low,10,namecheap,,,21/09/2026 16:43
3db6bb13-9150-48c8-a03b-ebc790f8ac03,reminiscent.bet,available,9.85,21.62,high,low,11,dynadot,,,30/09/2026 11:29
cedabf6b-5935-44f4-8077-43e92279d9e2,productions.bet,available,8.98,35.98,medium,low,11,namecheap,,,30/09/2026 00:05
ff39d7df-534e-4db1-b30f-99efd247570f,equipped.bet,available,8.98,35.98,high,low,8,namecheap,,,24/09/2026 14:45
44ab1445-ffe5-464d-b786-f5ecfebc2e6a,exposit.bet,available,8.98,35.98,medium,low,7,namecheap,,,15/08/2026 23:47
e0548c49-60b3-42e6-bbc9-39bae3c5db9d,diminutive.bet,available,8.98,35.98,medium,low,10,namecheap,,,08/08/2026 14:10
3c308107-e325-40ae-bc92-6e2a6a04f56c,brumous.bet,available,8.98,35.98,medium,low,7,namecheap,,,11/08/2026 06:49
28657e20-2526-4321-ae2a-111304461e9e,nodes.bet,available,7.96,20.9,medium,low,5,spaceship,,,01/10/2026 18:29
c17d828d-d277-4f2a-96de-70531a2a8c6f,flattering.bet,available,8.98,35.98,high,low,10,namecheap,,,18/08/2026 06:57
f74a53fa-2e48-4382-afe7-f3aa9cab881f,speckless.bet,available,8.98,35.98,medium,low,9,namecheap,,,21/08/2026 20:42
e7dc1805-b714-4ccd-9cb3-54b68e709942,proscribed.bet,available,8.98,35.98,medium,low,10,namecheap,,,18/08/2026 11:01
dcfffd54-968f-4bdd-9955-5c8b83820f93,corny.bet,available,8.98,35.98,high,low,5,namecheap,,,23/09/2026 23:25
b7c9d263-09a2-4128-b05b-d155ea6ff229,croatian.bet,available,8.98,35.98,high,low,8,namecheap,,,13/08/2026 07:32
64df6180-80a0-473a-9a07-376e1d59e568,elephants.bet,available,8.98,35.98,high,low,9,namecheap,,,18/09/2026 04:24
712a04e4-0916-4ac1-9255-42f1ab17f720,tumor.bet,available,9.85,21.62,medium,low,5,dynadot,,,28/09/2026 10:32
a7a7a6e4-afb1-488b-a1da-46f4af0f6066,northwards.bet,available,8.98,35.98,medium,low,10,namecheap,,,03/09/2026 21:25
a8108460-ef7a-4339-bb3d-e929347214ec,behavioral.bet,available,8.98,35.98,medium,low,10,namecheap,,,09/08/2026 10:16
4ae04e87-6660-4fbf-9aa8-ee4d35ef0c3e,messaging.bet,available,13.5,35.98,high,low,9,unstoppable,,,29/09/2026 06:22
25de8f3c-8101-47a3-9abf-bb21c813ba72,consumption.bet,available,14.99,,high,low,11,name.com,,,
54fa5c95-8411-4896-ad12-266a91b50412,technicals.bet,available,8.98,35.98,medium,low,10,namecheap,,,18/09/2026 20:39
c6bd4b43-ade2-464a-aa3d-22658d3609cd,icing.bet,available,7.96,20.9,high,low,5,spaceship,,,01/10/2026 02:14
56ba3051-ea45-45d0-a944-d679aa3d10a5,calciferol.bet,available,17.99,33.99,medium,low,10,name.com,,,13/08/2026 15:07
95c227cd-62bc-4720-b917-1b20460239d2,amur.bet,available,8.98,35.98,high,low,4,namecheap,,,19/09/2026 00:13
889168ea-802b-4ad0-913a-9ea02722ea6c,simons.bet,available,7.96,20.9,high,low,6,spaceship,,,27/09/2026 20:33
ecd71f41-c61f-4560-a91e-b65b09cfbf99,aright.bet,available,8.98,35.98,high,low,6,namecheap,,,13/09/2026 20:49
0c9f7689-bb44-4532-bf4c-5cfe7347258a,proverb.bet,available,8.98,35.98,high,low,7,namecheap,,,17/09/2026 06:07
dee3efa8-2d97-45d9-8834-b51c8d34c254,lank.bet,available,8.98,35.98,medium,low,4,namecheap,,,22/08/2026 19:32
c4d992aa-f76c-4862-8e8c-7654e2184bec,yields.bet,available,8.98,35.98,medium,low,6,namecheap,,,01/10/2026 17:44
c49c5f21-f9a0-458d-8092-9fce272f9ee7,nihility.bet,available,8.98,35.98,medium,low,8,namecheap,,,13/09/2026 06:35
50cafd23-7c59-4ae6-9932-18e039a71293,icf.bet,available,20.2,20.2,high,low,3,cloudflare,,,29/09/2026 03:19
8b75c605-c75d-4cdc-b3c3-47e3c9f72632,hoops.bet,resell,,,high,low,5,"GoDaddy.com, LLC",10/02/2022 22:01,10/02/2027 22:01,29/09/2026 01:29
829d063c-cdec-4b9a-91f0-ed0efda9d541,later.bet,available,8.98,35.98,high,low,5,namecheap,,,21/09/2026 22:11
90bb9e9b-aee8-425c-a7ed-dbfbf63cb83c,ocellated.bet,available,8.98,35.98,medium,low,9,namecheap,,,04/09/2026 00:29
0e9069f2-b6ef-4635-9183-d06b90a0bf3e,garment.bet,available,8.98,35.98,high,low,7,namecheap,,,19/09/2026 20:02
1dc237c5-b9c2-4c21-b90c-447a8fd0aa12,ming.bet,resell,,,high,low,4,,,,28/09/2026 02:26
c4c5a366-42b0-4523-a38e-f63ce2bf3e74,infuriated.bet,available,8.98,35.98,medium,low,10,namecheap,,,
759bf2a5-155e-45c9-805a-9ddc611d3e6d,dps.bet,available,7.96,20.9,high,low,3,spaceship,,,01/10/2026 07:57
fa2467a3-a338-4290-8455-401fea022f57,bureaucratic.bet,available,20.2,20.2,medium,low,12,cloudflare,,,30/09/2026 19:59
ab832a6b-3644-42cc-a9ca-a7483675a7cf,phocine.bet,available,8.98,35.98,medium,low,7,namecheap,,,08/09/2026 18:58
ee3da30f-16e3-4df9-8beb-abbb0ce127b7,recover.bet,available,8.98,35.98,high,low,7,namecheap,,,30/09/2026 17:56
c9b86764-65dc-4dcc-9e33-31c0d467a2fc,posted.bet,available,8.98,35.98,high,low,6,namecheap,,,09/09/2026 00:21
39de9d44-bd25-4a8a-932f-8cb64fc0791e,unexplained.bet,available,9.58,20.91,high,low,11,porkbun,,,29/09/2026 23:36
96749f03-0d94-40fe-b8a9-890f61b44270,ordnance.bet,available,8.98,35.98,high,low,8,namecheap,,,20/09/2026 11:44
78501ace-c0dc-4bb6-9b8c-17c119cc943a,potable.bet,available,8.98,35.98,high,low,7,namecheap,,,14/08/2026 19:25
a8704471-218c-4506-b2d1-603a3df109b3,cushioned.bet,available,8.98,35.98,high,low,9,namecheap,,,13/08/2026 11:53
2e14d7b5-e2a9-4f20-9d72-464e65fe248a,bhp.bet,available,8.98,35.98,high,low,3,namecheap,,,29/09/2026 21:45
afcfcff1-8220-4fc7-86dc-2682cd9d6639,adoption.bet,available,17.99,33.99,high,low,8,name.com,,,17/09/2026 09:43
3c527a91-554f-4b8d-b15e-41c67bda9b3a,insulin.bet,available,7.96,20.9,high,low,7,spaceship,,,29/09/2026 19:20
722e8390-ca63-4dc0-bb96-c21da7c6fdef,treatment.bet,available,8.98,35.98,high,low,9,namecheap,,,28/09/2026 08:22
dda15a3e-143a-46fa-a04e-d9ab6164a640,confidante.bet,available,8.98,35.98,high,low,10,namecheap,,,24/09/2026 17:12
7127cb86-806a-4aa0-8395-8b3649aeb294,fatuous.bet,available,8.98,35.98,low,low,7,namecheap,,,07/08/2026 02:39
939b71d8-b5a6-42bf-b38d-26415bba82db,stalemated.bet,available,17.99,33.99,medium,low,10,name.com,,,13/08/2026 19:29
8af4060c-6b56-43f0-8b44-4cdfcccc1c96,conceive.bet,available,7.96,20.9,high,low,8,spaceship,,,29/09/2026 14:04
ba5c0c84-be7e-4857-a418-a22f95ec6ee3,sheer.bet,available,8.98,35.98,high,low,5,namecheap,,,22/09/2026 23:12
73a83a8d-238b-4b23-b0c2-e2bf7c77cdb9,lumpish.bet,available,8.98,35.98,medium,low,7,namecheap,,,24/08/2026 11:12
49190b0e-26b7-42bb-be3c-f829df73accb,unforced.bet,available,8.98,35.98,medium,low,8,namecheap,,,12/09/2026 05:40
ddd4feec-2cb8-4b68-b2ad-df54ae013b8c,schmid.bet,available,7.96,20.9,high,low,6,spaceship,,,29/09/2026 15:01
c3016ce7-887c-45c3-b86b-d1f1de4bc409,filled.bet,available,8.98,35.98,high,low,6,namecheap,,,24/09/2026 18:13
809d8b94-8b03-4b61-b707-e66c0eddd42d,metre.bet,available,8.98,35.98,high,low,5,namecheap,,,25/09/2026 15:57
b19b9b58-ceec-4f56-b8a5-7de92c7f2520,bragger.bet,available,8.98,35.98,medium,low,7,namecheap,,,11/08/2026 01:14
f1324d1e-b510-4c2d-add2-cf56a3195dea,hemp.bet,resell,,,high,low,4,Dynadot Inc,21/05/2022 21:58,21/05/2027 21:58,26/09/2026 06:38
d7ce2fba-5710-403b-b719-e4b57329d24d,hammett.bet,available,8.98,35.98,medium,low,7,namecheap,,,01/10/2026 19:10
ad4a98ef-8d7d-4530-b820-5fb8032db4b3,primarily.bet,available,20.2,20.2,medium,low,9,cloudflare,,,28/09/2026 13:51
7631b369-1b4d-41f0-8eb2-e609be866379,spaulding.bet,available,7.96,20.9,high,low,9,spaceship,,,29/09/2026 11:11
de25fe91-1d80-43b7-977a-3b4bb520c57d,refinery.bet,available,20.2,20.2,high,low,8,cloudflare,,,30/09/2026 02:41
24698afa-dd78-448c-8338-29395a1e82c8,mayhap.bet,available,8.98,35.98,medium,low,6,namecheap,,,15/09/2026 13:45
e04a6b9d-d468-436b-873a-a2d787ed2ca1,benthic.bet,available,8.98,35.98,medium,low,7,namecheap,,,09/08/2026 14:45
358222b6-846b-4374-b5ae-2b954a7bea15,outlander.bet,available,,,medium,low,9,,,,
e8057d52-0fac-49fe-ab46-6abea1278039,ricardo.bet,available,17.99,33.99,high,low,7,name.com,,,25/09/2026 04:47
264ddcfb-5074-4a67-b57d-2981ab6f8355,restraint.bet,available,7.96,20.9,medium,low,9,spaceship,,,28/09/2026 18:42
b4dacfea-6d76-442c-b9fc-af6086e1c536,himself.bet,available,13.5,,medium,low,7,unstoppable,,,01/10/2026 11:26
1bcbf7fd-a08d-4228-9f4b-b501f04904cb,scienter.bet,available,8.98,35.98,medium,low,8,namecheap,,,16/09/2026 00:44
8b0f53c9-eac4-471e-825b-2679f75c63c3,officious.bet,available,8.98,35.98,medium,low,9,namecheap,,,11/08/2026 11:26
11d95e89-e7f9-49e3-bb95-0105379697c0,detestable.bet,available,8.98,35.98,medium,low,10,namecheap,,,
7f0873f0-a0fd-4eb4-be1c-0fbfb0bc2844,considering.bet,available,17.99,33.99,medium,low,11,name.com,,,26/09/2026 03:06
47a3600e-ff60-47c9-9c1a-966e6d30c565,galax.bet,available,8.98,35.98,medium,low,5,namecheap,,,23/09/2026 01:54
3c14e678-3de0-4012-b150-07a608a19d3d,summons.bet,available,20.2,20.2,high,low,7,cloudflare,,,29/09/2026 08:10
429b5e25-f514-480a-9b6b-3812192427fb,hiram.bet,available,8.98,35.98,medium,low,5,namecheap,,,27/09/2026 19:47
893042a5-fe1e-4c81-ad56-e5e4775d01a3,hydroponic.bet,available,8.98,35.98,medium,low,10,namecheap,,,06/08/2026 10:34
989c57b5-9c4f-4eef-9260-6af8fc6dd60a,shoulder.bet,available,8.98,35.98,high,low,8,namecheap,,,20/09/2026 11:31
3083c28a-8fbd-4283-bf9f-39594a36c6ff,heretical.bet,available,8.98,35.98,medium,low,9,namecheap,,,14/08/2026 12:35
ab2e1531-582a-4d18-892e-3b399ab2f1ab,disheveled.bet,available,8.98,35.98,medium,low,10,namecheap,,,14/08/2026 10:56
e55dedc4-e15f-4790-860f-cdc87f4ebc96,auspices.bet,available,8.98,35.98,medium,low,8,namecheap,,,17/09/2026 12:16
f1ea5f48-2729-455e-8e08-19273d6a4137,prioritize.bet,available,20.2,20.2,high,low,10,cloudflare,,,30/09/2026 21:21
80f96f73-40f2-4a08-af34-a66e7cd52d95,segregation.bet,available,8.98,35.98,medium,low,11,namecheap,,,16/09/2026 23:21
58b7bbed-31e1-4984-bc65-35e9a266b349,puzzling.bet,available,8.98,35.98,high,low,8,namecheap,,,17/08/2026 09:15
7220ead2-2ea7-469c-a9b7-ac2d8272bcbb,syllables.bet,available,13.5,,medium,low,9,unstoppable,,,30/09/2026 22:56
f5c06fe1-720d-4e44-81ca-da639bf42dae,cleverness.bet,available,8.98,35.98,high,low,10,namecheap,,,24/09/2026 15:36
a6824f0e-be9c-49cd-8ecb-ba090ac73d28,mixologist.bet,available,8.98,35.98,medium,low,10,namecheap,,,22/09/2026 06:27
00ab8afb-abc9-4061-aeab-8b7a5e54121f,allhallows.bet,available,17.99,33.99,medium,low,10,name.com,,,18/09/2026 09:24
1d8422f6-1988-484f-aa4c-6d0df08a189b,cinderella.bet,resell,14.99,,high,low,10,name.com,,,29/09/2026 09:13
fa30529f-e647-4ca7-8e5d-f2f1896a9f3d,hacked.bet,available,9.85,21.62,medium,low,6,dynadot,,,29/09/2026 17:39
0d6e0987-015b-4b2a-b993-143f6320f713,tornadoes.bet,available,8.98,35.98,medium,low,9,namecheap,,,16/09/2026 14:14
fecccc4d-8c72-4fb7-a2d2-0bcd29a6b5d6,braised.bet,available,8.98,35.98,medium,low,7,namecheap,,,11/08/2026 01:55
c0552439-dead-4722-b5f1-5d8768c97213,winona.bet,available,7.96,20.9,medium,low,6,spaceship,,,28/09/2026 22:06
4042b41c-e2b6-4333-8f58-a592d138b0f8,malicious.bet,available,8.98,35.98,medium,low,9,namecheap,,,24/08/2026 14:02
300d9bfe-403b-42cd-a48a-f4cf46c9f216,evidenced.bet,available,8.98,35.98,high,low,9,namecheap,,,17/08/2026 15:00
382fe00d-d90d-4b66-a868-4e3fe9fe2c67,riverside.bet,available,7.96,20.9,high,low,9,spaceship,,,29/09/2026 07:59
90fb2659-9951-42b0-8ed8-0dfd4f19628c,arching.bet,available,8.98,35.98,medium,low,7,namecheap,,,06/08/2026 14:39
1acb8037-b316-4602-bcd7-c79e78d2a227,shedding.bet,available,7.96,20.9,high,low,8,spaceship,,,01/10/2026 01:44
f9c81b66-bca0-4e4e-9eb0-7aa05b932e97,disjoint.bet,available,8.98,35.98,medium,low,8,namecheap,,,14/08/2026 11:09
a9ba22f9-62c8-4ebe-96a7-874836fd21e2,ansi.bet,available,13.5,,medium,low,4,unstoppable,,,28/09/2026 11:47
22d91fda-cbac-44d9-a131-6193b4c4fc29,skirt.bet,available,13.5,,high,low,5,unstoppable,,,29/09/2026 03:43
663ebb75-6f7a-42ba-8c4f-8b0ef0ac4714,danzig.bet,available,20.2,20.2,medium,low,6,cloudflare,,,28/09/2026 09:29
e30f43b5-b2c9-4ab6-9908-1e07a4c775e2,hypothesis.bet,available,20.2,20.2,high,low,10,cloudflare,,,29/09/2026 02:33
77786e0f-d53c-4716-aebf-613bd07f0b79,viruses.bet,available,20.2,20.2,medium,low,7,cloudflare,,,30/09/2026 06:37
d336bbb8-8199-48bb-88ab-ec96cc1457a5,satisfying.bet,available,8.98,35.98,high,low,10,namecheap,,,12/08/2026 03:47
8c6c875c-b405-4995-b000-6f0e85fec42d,neckless.bet,available,8.98,35.98,medium,low,8,namecheap,,,03/09/2026 14:41
937e5196-d81f-40bb-8238-30896418b246,right.bet,resell,,,high,low,5,"GoDaddy.com, LLC",03/03/2016 16:02,03/03/2027 16:02,26/09/2026 08:40
152f0652-536b-4ff6-b644-7510b4f4ac05,hearings.bet,available,20.2,20.2,medium,low,8,cloudflare,,,29/09/2026 23:58
9a467693-48e3-4ef5-aacd-64ed783bbca4,unrivalled.bet,available,8.98,35.98,high,low,10,namecheap,,,24/08/2026 17:08
f315dca1-557c-4b2c-9c80-9c95c8fc354e,stats.bet,premium,1552.7,1552.7,high,medium,5,spaceship,,,29/09/2026 23:10
67c5d331-980e-4a04-a6c0-c5690afc6e58,interception.bet,available,13.5,,high,low,12,unstoppable,,,01/10/2026 13:24
cbe89edc-abb5-409a-b13e-6fe7e1cd7229,andrena.bet,available,8.98,35.98,medium,low,7,namecheap,,,19/09/2026 04:31
9d009b39-fa0c-4a67-86b2-902f48f7e1e5,recognize.bet,available,8.98,35.98,high,low,9,namecheap,,,27/09/2026 02:43
74bbb8b7-9c07-402f-b876-f0b499de001a,swings.bet,available,8.98,35.98,medium,low,6,namecheap,,,29/09/2026 05:46
630bef22-be9c-4011-bb6e-212664bfb3f3,atavistic.bet,available,8.98,35.98,low,low,9,namecheap,,,07/08/2026 12:55
b6507542-0c9a-41b3-81a5-61472bbb5de0,iliac.bet,available,8.98,35.98,medium,low,5,namecheap,,,21/08/2026 18:45
7bd35be3-4ca2-404f-984a-bc9318deb182,brownish.bet,available,8.98,35.98,medium,low,8,namecheap,,,11/08/2026 06:19
0ac7b5c4-a761-49e5-9ef7-fd02e1606d05,unrelated.bet,available,8.98,35.98,medium,low,9,namecheap,,,12/09/2026 18:04
d202099d-ad6c-4d5d-93a3-9642daca09fd,amusing.bet,available,8.98,35.98,high,low,7,namecheap,,,
05b78f0c-271e-4cfe-b2c5-69fffee05adb,delia.bet,available,13.5,,medium,low,5,unstoppable,,,28/09/2026 21:49
488d3eba-34bd-448b-a020-85fecc669175,rectal.bet,available,8.98,35.98,medium,low,6,namecheap,,,09/09/2026 11:51
4aca9861-94e6-4ef5-8553-8e4938251767,vocally.bet,available,8.98,35.98,medium,low,7,namecheap,,,16/09/2026 11:07
28db5d1c-79af-4dce-8942-a232d7bb5e19,horsemen.bet,available,13.5,,medium,low,8,unstoppable,,,30/09/2026 23:19
090bb5f4-91f7-4161-bd44-fe42efc09d36,hurling.bet,available,7.96,20.9,medium,low,7,spaceship,,,01/10/2026 20:01
fe3746a2-1be6-47e2-a628-9492f268de83,tweedy.bet,available,8.98,35.98,medium,low,6,namecheap,,,21/08/2026 11:21
70ba62d6-5a7a-4662-971a-9fb032ec3e90,bravery.bet,available,9.85,21.62,high,low,7,dynadot,,,29/09/2026 04:02
7abb3e80-8009-4915-8134-d81765cf821a,mannish.bet,available,8.98,35.98,medium,low,7,namecheap,,,24/08/2026 15:22
63628c5b-bcab-4c47-a61d-03bc6012482e,leaflet.bet,available,8.98,35.98,high,low,7,namecheap,,,24/09/2026 07:08
6c77982e-25f3-4f53-9910-96ff0eb3ae9e,bentonite.bet,available,8.98,35.98,high,low,9,namecheap,,,23/09/2026 08:46
c0f83250-ef84-4761-bc0c-303c11b7e7c9,hospitable.bet,available,8.98,35.98,high,low,10,namecheap,,,21/08/2026 14:16
c12c94b1-a659-41c3-8d0d-c4260bbcaed9,starboard.bet,resell,,,high,low,9,Dynadot Inc,17/07/2025 00:59,17/07/2027 00:59,26/09/2026 09:16
480ec511-688c-4adb-bbac-f452b428c04d,unbordered.bet,available,8.98,35.98,medium,low,10,namecheap,,,12/09/2026 02:21
1acdc703-be2a-4283-b701-2fe788d95999,locomotor.bet,available,8.98,35.98,medium,low,9,namecheap,,,24/08/2026 08:50
37eb065e-951b-4132-b810-1707051ea8a7,strap.bet,resell,,,high,low,5,,,,28/09/2026 10:12
8786ad40-3dc9-4b52-885a-2128a1d372e8,quintuple.bet,available,8.98,35.98,medium,low,9,namecheap,,,18/08/2026 05:54
dc29f0e9-43ba-4e07-8109-a453a33d1f88,jackhammer.bet,available,8.98,35.98,high,low,10,namecheap,,,17/09/2026 22:21
89695524-4a84-4e1c-807d-6c9edfb9c611,nickel.bet,resell,,,high,low,6,Dynadot Inc,31/01/2026 17:00,31/01/2027 17:00,26/09/2026 07:46
bed0d79a-59b0-4a5e-a11d-d97d96bddfb5,category.bet,resell,,,high,low,8,"GoDaddy.com, LLC",16/03/2026 04:21,16/03/2027 04:21,26/09/2026 04:48
d88935c5-3b3b-40c5-9dec-5a2d22791fc6,spacious.bet,available,7.96,20.9,high,low,8,spaceship,,,27/09/2026 16:20
1a4ba438-2907-4b7f-9696-27ba4a53f9bf,motorised.bet,available,8.98,35.98,medium,low,9,namecheap,,,25/08/2026 08:28
8e854b78-3409-4f67-9610-16be5a7b8538,aengus.bet,available,8.98,35.98,medium,low,6,namecheap,,,17/09/2026 12:29
8a327dd7-6c47-49b9-b6c7-f9ee15e49917,deirdre.bet,available,9.85,21.62,medium,low,7,dynadot,,,30/09/2026 20:53
e1699a50-ebf0-4085-ad5e-3fca79b5a8bd,smirks.bet,available,8.98,35.98,low,low,6,namecheap,,,20/09/2026 14:28
826cf588-82ff-4f7c-b90a-147ec6a476fb,impelling.bet,available,8.98,35.98,medium,low,9,namecheap,,,21/08/2026 22:04
7a3b50a0-2f37-47de-a9de-d8fab1b445bc,chloroform.bet,available,20.2,20.2,high,low,10,cloudflare,,,02/10/2026 04:21
d9f20933-40db-403a-b860-d35210151cd7,gave.bet,available,14.99,,medium,low,4,name.com,,,
4a27060c-0188-467c-8e95-9116101959bc,prehensile.bet,available,8.98,35.98,medium,low,10,namecheap,,,07/08/2026 22:14
44345fb4-a1ce-4d12-8d95-be7c7c7fc055,lists.bet,available,8.98,35.98,medium,low,5,namecheap,,,17/09/2026 08:32
9179bd97-4369-4b53-a032-623503e6ba4c,locke.bet,available,8.98,35.98,high,low,5,namecheap,,,25/09/2026 08:02
9da54dde-13b4-4dd0-ac80-34228699959c,launcher.bet,available,7.96,20.9,high,low,8,spaceship,,,01/10/2026 02:51
719a1f1a-3ffc-4762-b6c9-ecaab0628c83,salts.bet,available,14.99,,medium,low,5,name.com,,,20/09/2026 01:25
5d9f38c2-eb0c-4a49-844b-95622c6d5a95,nonplus.bet,available,8.98,35.98,medium,low,7,namecheap,,,21/09/2026 17:34
dff51346-31ce-4af7-b720-3099560f002e,character.bet,resell,,,high,low,9,Dynadot Inc,07/02/2023 08:00,07/02/2027 08:00,26/09/2026 04:51
a5d3d7c0-900b-4f3e-a505-432d6532de82,banksia.bet,available,8.98,35.98,high,low,7,namecheap,,,22/09/2026 02:53
a574a1c6-1689-4b4c-874e-0e902632f0ca,offence.bet,available,8.98,35.98,medium,low,7,namecheap,,,04/09/2026 01:34
64e0a17b-74b9-4fe2-8a90-6e8ae9857cd6,freezer.bet,available,13.5,,high,low,7,unstoppable,,,29/09/2026 07:08
b61750f6-9588-4e2f-bce7-97038c8a76ac,berkshire.bet,available,8.98,35.98,high,low,9,namecheap,,,23/09/2026 09:33
7019a566-46db-44c2-ae4f-689d9775d1ca,waterford.bet,available,7.96,20.9,medium,low,9,spaceship,,,27/09/2026 16:17
3e1bd0de-42df-4123-acf7-138cbd7fd2a2,guided.bet,available,8.98,35.98,high,low,6,namecheap,,,20/08/2026 20:47
66c691bd-ac03-48b5-ad52-35d65bb4c7a1,breeze.bet,resell,,,high,low,6,,,,28/09/2026 09:12
168803a7-616c-4474-871b-eb6de226c23a,marihuana.bet,available,9.58,20.91,high,low,9,porkbun,,,29/09/2026 06:39
27cd3236-b80f-4ca1-a483-9ce9301084bf,javan.bet,available,8.98,35.98,high,low,5,namecheap,,,22/08/2026 12:30
5d75aa0e-e7a6-46e1-aa48-81cbed3be079,pigfish.bet,available,8.98,35.98,medium,low,7,namecheap,,,17/09/2026 00:46
a83c7f90-b77a-480d-9c95-d49147558674,dazzling.bet,available,8.98,35.98,high,low,8,namecheap,,,10/08/2026 13:44
67758c3b-7a7c-4e6a-aba0-f58c0795fdeb,papaw.bet,available,8.98,35.98,medium,low,5,namecheap,,,20/09/2026 14:12
47250c2d-d011-4ea3-ae78-6ae590ea8364,abounding.bet,available,8.98,35.98,high,low,9,namecheap,,,
1d0cb2a4-90bd-419f-be17-727af86d7cd2,childlike.bet,available,8.98,35.98,high,low,9,namecheap,,,12/08/2026 05:12
2c7a6049-d6d7-457a-aa41-49818e26761c,agastache.bet,available,8.98,35.98,medium,low,9,namecheap,,,17/09/2026 16:24
a4adda84-b493-4e73-8af3-f83b20c7a1e3,chauncey.bet,available,13.5,,medium,low,8,unstoppable,,,29/09/2026 15:30
109c6ecf-bdda-4742-9930-473b0dd31d82,abila.bet,available,8.98,35.98,medium,low,5,namecheap,,,16/09/2026 15:52
98cbd071-38a3-4234-be96-a5b78767b625,enslaved.bet,available,7.96,20.9,low,low,8,spaceship,,,30/09/2026 22:26
f6b07f4f-4814-4c58-96a8-f074da7f86de,administer.bet,available,8.98,35.98,high,low,10,namecheap,,,29/09/2026 14:10
ed130fbc-e0fe-4a42-8df5-6721c9b46ab6,cmt.bet,available,7.96,20.9,medium,low,3,spaceship,,,01/10/2026 07:02
6d5609af-31ab-47a2-b6b2-f11a55062719,natality.bet,available,8.98,35.98,medium,low,8,namecheap,,,23/09/2026 21:04
a4aa4918-df51-4fdc-9dae-f1020a3869e4,annabelle.bet,available,20.2,20.2,medium,low,9,cloudflare,,,02/10/2026 02:04
5fd58f71-7e90-4c4c-8c75-1549abe6dbae,ariel.bet,available,7.96,20.9,high,low,5,spaceship,,,28/09/2026 07:27
4bd0b5bf-cd99-4f98-a3e0-6c575aa7a75a,hayden.bet,available,8.98,35.98,high,low,6,namecheap,,,25/09/2026 15:33
50979d20-9e54-4a64-b04f-385a4bcc3168,surroundings.bet,available,7.96,20.9,high,low,12,spaceship,,,01/10/2026 17:40
8bd4aca6-1105-4ba8-b263-850597ef755a,tinker.bet,resell,,,high,low,6,,,,29/09/2026 18:20
c9a08aef-764d-44f4-80b0-41d0f026b2db,balanced.bet,available,7.96,20.9,high,low,8,spaceship,,,29/09/2026 16:30
d9f84fec-f36e-4b37-b94b-b8c3f06adde3,equanimous.bet,available,8.98,35.98,medium,low,10,namecheap,,,17/08/2026 11:37
71173b0b-408a-4ee7-9e4f-7569fd27d9cc,complexity.bet,available,8.98,35.98,high,low,10,namecheap,,,24/09/2026 16:49
74da7c75-5149-49bc-b71a-ef5a5d239ecf,donaldson.bet,available,8.98,35.98,medium,low,9,namecheap,,,27/09/2026 01:45
6fbaf9a2-6fbf-421a-90ce-746fefa51559,scandent.bet,available,8.98,35.98,medium,low,8,namecheap,,,09/09/2026 22:32
f0a1ec07-8f35-4791-8f77-abf9a45a149d,foiled.bet,available,8.98,35.98,medium,low,6,namecheap,,,14/08/2026 09:27
e277e953-71ff-40f0-be28-2a045d3e65da,riemann.bet,available,8.98,35.98,high,low,7,namecheap,,,23/09/2026 09:54
660864a0-32ce-4d57-ba21-5d39f01fcc94,praying.bet,available,8.98,35.98,high,low,7,namecheap,,,27/09/2026 06:47
f658772b-b203-4be7-aed9-b55ff3d0b75b,allegany.bet,available,7.96,20.9,medium,low,8,spaceship,,,30/09/2026 22:05
98c55d1c-47c6-4558-a51f-91f47cc8cf78,discharge.bet,available,8.98,35.98,high,low,9,namecheap,,,20/09/2026 01:05
eba3a882-f07c-411f-a48c-3dd764ecbb4f,bellbird.bet,available,8.98,35.98,medium,low,8,namecheap,,,23/09/2026 05:55
ef93eda9-b5bf-44d1-8845-87f37bbceed4,bakeshop.bet,available,8.98,35.98,high,low,8,namecheap,,,21/09/2026 20:10
5ee84c95-b651-4c34-84a2-3b1c2b38cf71,sacks.bet,available,8.98,35.98,medium,low,5,namecheap,,,20/09/2026 18:55
8a24ebaf-ef2f-4e2c-bcb7-5b4296bacc22,rudolf.bet,available,8.98,35.98,high,low,6,namecheap,,,25/09/2026 15:40
6d557cc5-52e9-4c5c-af35-03bb4d41fdf9,limbs.bet,available,13.5,,medium,low,5,unstoppable,,,29/09/2026 04:58
051b1f98-61a0-47dd-8e7a-41456c0a3dde,cxlv.bet,available,8.98,35.98,medium,low,4,namecheap,,,
5f34f8ba-4b79-4c81-a6b1-47658ebf509c,fleece.bet,premium,66.5,,high,low,6,unstoppable,,,01/10/2026 19:34
5633c7ed-4a3d-419a-aaed-0a434768d3cf,jung.bet,available,8.98,35.98,high,low,4,namecheap,,,25/09/2026 03:59
48c9509d-8a92-483f-b0dc-5cd06629ae04,zithromax.bet,available,8.98,35.98,medium,low,9,namecheap,,,21/09/2026 11:16
21edd692-72eb-472b-b24f-31a98f5cae95,thighs.bet,available,13.5,,medium,low,6,unstoppable,,,30/09/2026 06:23
5c21f201-c373-40a7-84f7-cb283ee6f133,inmate.bet,available,8.98,35.98,medium,low,6,namecheap,,,24/09/2026 18:00
5fb15cf9-874e-49df-84f4-1a035e5b01e3,sobeit.bet,available,8.98,35.98,low,low,8,namecheap,,,16/09/2026 13:51
4427e46f-1762-4a8e-89ae-1a4239619062,ingram.bet,available,8.98,35.98,medium,low,6,namecheap,,,26/09/2026 03:39
172d4b7d-0d89-45ce-900c-1434439b982d,acyclovir.bet,available,8.98,35.98,medium,low,9,namecheap,,,17/09/2026 05:41
a28d6db1-e16c-4458-8cc2-48734af1138c,memorize.bet,available,7.96,20.9,high,low,8,spaceship,,,30/09/2026 20:33
866ebc08-1fc6-4620-9ad1-43547981c7f6,auxetic.bet,available,8.98,35.98,medium,low,7,namecheap,,,07/08/2026 21:28
2909d4a5-40fc-4322-934d-56579bedb235,wonky.bet,available,8.98,35.98,medium,low,5,namecheap,,,07/08/2026 03:46
6dac0b2e-f6be-4daf-93b3-627d6c4f4ed7,batfish.bet,available,17.99,33.99,medium,low,7,name.com,,,22/09/2026 13:14
5e9745e4-eeaa-46c4-8a28-b333586b1bfb,roddy.bet,available,13.5,,high,low,5,unstoppable,,,30/09/2026 20:26
f5028375-ef34-4adc-80e3-b4c82d076762,romany.bet,available,8.98,35.98,high,low,6,namecheap,,,10/08/2026 17:25
68ce6750-3f8c-4198-b0c2-94741bcb2993,rollicking.bet,available,8.98,35.98,medium,low,10,namecheap,,,12/08/2026 18:08
b950d30c-f65f-4452-9ae3-5daaaccd87cb,woodbridge.bet,available,9.85,21.62,medium,low,10,dynadot,,,28/09/2026 16:49
51f130fe-f2c0-4897-9817-b389a9e059c3,tomorrow.bet,premium,500.5,,high,medium,8,unstoppable,,,28/09/2026 16:41
ae9b3bd0-3d87-453f-84da-229985d7713b,cursively.bet,available,8.98,35.98,medium,low,9,namecheap,,,14/09/2026 10:07
ef271004-98f1-4ea5-a9b0-7e3d7224693b,weaver.bet,resell,,,high,low,6,,,,28/09/2026 03:16
b4b2dcf3-4ca8-47bf-972d-da4e69426b1e,taiping.bet,available,7.96,20.9,high,low,7,spaceship,,,01/10/2026 23:31
4d136edb-9b47-42f2-b870-b983e50d6be4,stalls.bet,available,8.98,35.98,medium,low,6,namecheap,,,10/09/2026 17:59
de9fbcc2-22fc-4f97-b14f-0fea4262a164,annan.bet,available,8.98,35.98,medium,low,5,namecheap,,,30/09/2026 05:28
02ecabb7-64f8-4c18-b755-4124a781ec4c,barbette.bet,available,8.98,35.98,medium,low,8,namecheap,,,22/09/2026 04:54
dba79d84-5719-4313-8866-4568f14a08a0,carving.bet,available,20.2,20.2,high,low,7,cloudflare,,,29/09/2026 00:21
3f0605f1-8cfb-4c4c-9bc7-9934e253becf,tuba.bet,available,8.98,35.98,high,low,4,namecheap,,,22/09/2026 11:52
b5b0a6f0-19eb-4ceb-8369-9f4ff0344861,braveness.bet,available,8.98,35.98,high,low,9,namecheap,,,24/09/2026 08:20
104a435b-bebb-4c22-85cb-c6163587c1fe,autobiography.bet,available,9.85,21.62,medium,low,13,dynadot,,,29/09/2026 23:22
bd4666d4-fdfa-4d3b-afa3-1e69cf396037,cabinet.bet,available,8.98,35.98,high,low,7,namecheap,,,24/09/2026 11:32
291bceba-5b0f-4705-85fd-6b9cceea72dc,shapes.bet,available,7.96,20.9,medium,low,6,spaceship,,,29/09/2026 11:12
dcb5dfa2-d340-4d3f-9f36-1f87556f89d9,handing.bet,available,20.2,20.2,high,low,7,cloudflare,,,28/09/2026 11:31
794e9b8a-ee84-464f-9c7e-146c8ec299aa,vineyards.bet,available,8.98,35.98,medium,low,9,namecheap,,,01/10/2026 17:18
9d9a8cca-a0ac-4dc0-8ef8-ed95810dabbd,alison.bet,available,20.2,20.2,medium,low,6,cloudflare,,,28/09/2026 04:29
be9f5c48-0859-47b3-9c04-9079d3ed553d,pollock.bet,available,7.96,20.9,high,low,7,spaceship,,,29/09/2026 13:11
28b6ca37-02e7-4d1d-a22b-1cba3fab8e5a,autopsy.bet,available,8.98,35.98,high,low,7,namecheap,,,21/09/2026 07:38
d89a5ed4-742d-4ee0-a1b2-7bc6ee946b22,vitreous.bet,available,8.98,35.98,medium,low,8,namecheap,,,13/09/2026 06:18
948f862d-c5b9-49de-a3e2-b7042543d069,dictation.bet,available,8.98,35.98,high,low,9,namecheap,,,23/09/2026 13:35
37d3361e-f72e-4541-979e-cdcad808e7a3,element.bet,resell,43346.78,,high,low,7,"Sav.com, LLC - 27",07/03/2026 15:15,07/03/2027 15:15,30/09/2026 21:09
4be6bcfd-2d5f-4734-8f0d-0be4bbfff4b7,myths.bet,available,13.5,,medium,low,5,unstoppable,,,30/09/2026 00:32
92dd0636-1f0a-467a-ab3d-69338ea79478,sheridan.bet,available,8.98,35.98,high,low,8,namecheap,,,25/09/2026 10:21
e19a727d-3080-4e47-b901-e9dc6851a5af,reverence.bet,available,7.96,20.9,high,low,9,spaceship,,,30/09/2026 18:29
f8ceefa7-effa-4dcf-bb86-9ea763d992c9,agonizing.bet,available,8.98,35.98,high,low,9,namecheap,,,
bfe980fa-8255-41da-b01a-2e3fc59fd506,sweetly.bet,available,8.98,35.98,high,low,7,namecheap,,,11/09/2026 05:33
e706c3d6-fd74-4a12-b1eb-284b95941d54,xinhua.bet,available,7.96,20.9,medium,low,6,spaceship,,,30/09/2026 05:40
7bf57530-53d1-4f64-a1f8-69ba927c2a9d,satiny.bet,available,8.98,35.98,medium,low,6,namecheap,,,09/09/2026 21:41
8f0aa44c-72a4-4189-84c7-41a177939eb2,bombard.bet,available,8.98,35.98,medium,low,7,namecheap,,,22/09/2026 07:59
679b38a9-3943-4c21-9a9d-fbb4b60c6ac1,babirusa.bet,available,8.98,35.98,medium,low,8,namecheap,,,21/09/2026 12:44
cb24b8d0-be38-40a6-96d1-8633ef05bc98,vaguely.bet,available,17.99,33.99,medium,low,7,name.com,,,16/09/2026 10:34
e582e2cc-785d-4494-bb24-b8bd00144355,calhoun.bet,available,8.98,35.98,medium,low,7,namecheap,,,27/09/2026 03:19
b58d33c8-c1b7-4487-8c86-909fc48c22e9,javanese.bet,available,8.98,35.98,high,low,8,namecheap,,,22/08/2026 12:28
b17ca177-895b-49c3-9c16-e064cdcf8642,departure.bet,available,8.98,35.98,high,low,9,namecheap,,,08/09/2026 12:08
5f109c8e-6ecc-478b-bfb2-73ae0c706dc3,amphitheater.bet,available,20.2,20.2,high,low,12,cloudflare,,,01/10/2026 02:33
a802f2b7-315d-4ee5-b133-d65f24a33c57,adorable.bet,available,8.98,35.98,high,low,8,namecheap,,,21/09/2026 19:18
9ade3e49-d09e-44dc-a6b2-a84eccf09db3,spiritually.bet,available,13.5,,high,low,11,unstoppable,,,30/09/2026 12:12
311229bc-437b-4bdb-80a8-df15a436cb0e,astronomic.bet,available,8.98,35.98,medium,low,10,namecheap,,,07/08/2026 10:10
1aa359f7-de4c-452e-993c-e2f50cd23225,extremist.bet,available,8.98,35.98,medium,low,9,namecheap,,,17/08/2026 19:32
70975797-7f3f-459e-b542-f950209d9354,ascendance.bet,available,17.99,33.99,high,low,10,name.com,,,20/09/2026 13:03
1d62eafd-809e-43e7-92ed-d86cfcc37aa5,balmoral.bet,available,8.98,35.98,high,low,8,namecheap,,,21/09/2026 23:39
ab8e2e2b-ffe2-4efc-a8e6-e0a96191ed0f,displace.bet,available,7.96,20.9,high,low,8,spaceship,,,01/10/2026 22:11
6ebe428c-b7b2-41ea-93c1-2f041e681bd6,psychiatrists.bet,available,13.5,,medium,low,13,unstoppable,,,01/10/2026 00:58
70b9d595-f31c-463b-823f-78ee230869e1,archivist.bet,available,8.98,35.98,medium,low,9,namecheap,,,20/09/2026 02:21
456bcc20-8fe8-43f1-85ba-1f62081335e1,complaints.bet,available,8.98,35.98,medium,low,10,namecheap,,,18/09/2026 03:41
118544de-2120-474e-99ad-a8c8a09c71a1,harmless.bet,available,8.98,35.98,high,low,8,namecheap,,,21/08/2026 01:02
be605bf7-1848-4aae-a347-8537aa5c8362,modishly.bet,available,8.98,35.98,medium,low,8,namecheap,,,15/09/2026 15:15
00ed1589-47e5-41d6-a6f4-f612e2b3a145,unspoilt.bet,available,8.98,35.98,medium,low,8,namecheap,,,12/09/2026 07:10
4e0258e8-fc55-4abc-a852-dedfb035418a,effectively.bet,available,13.5,,medium,low,11,unstoppable,,,01/10/2026 04:53
d536fa46-1ca3-4f5d-a256-3e54e1bb0aa2,apheresis.bet,available,8.98,35.98,medium,low,9,namecheap,,,19/09/2026 16:49
2f90bb4f-7df1-4040-88ef-94a745c631e1,decisions.bet,available,8.98,35.98,medium,low,9,namecheap,,,25/09/2026 21:16
a2ac7566-ba05-43e5-b065-f26c9c882889,susurrous.bet,available,8.98,35.98,medium,low,9,namecheap,,,03/09/2026 11:24
56fe865d-cdb9-4e9f-9e07-c1005cfb74ea,scrambling.bet,available,20.2,20.2,medium,low,10,cloudflare,,,01/10/2026 23:12
31e0fd8a-71d3-4f72-a3e0-acdaccc2744f,mortgage.bet,premium,,,high,low,8,,,,28/09/2026 06:56
1c849b8d-0594-4c2b-85de-703588f29f59,unrecorded.bet,available,8.98,35.98,medium,low,10,namecheap,,,24/08/2026 07:46
6aeef597-7fd3-458b-b7c5-26ad4bccd3a6,acarine.bet,available,8.98,35.98,medium,low,7,namecheap,,,16/09/2026 21:33
6ae69b99-1442-48af-be31-9f42ed50ca2d,customise.bet,available,13.5,,high,low,9,unstoppable,,,30/09/2026 18:12
b3066fe8-a3c0-4581-b871-124a2995141f,liking.bet,available,7.96,20.9,high,low,6,spaceship,,,28/09/2026 06:09
2db3e391-39c2-4891-acdd-62bf1b1594ac,ward.bet,available,8.98,35.98,high,low,4,namecheap,,,16/09/2026 13:33
958711f9-8e20-4c48-a834-25f89fc6ee1e,healed.bet,available,8.98,35.98,high,low,6,namecheap,,,13/08/2026 11:04
f9085187-d0bb-454d-9522-34fd86a5fa81,restored.bet,available,7.96,20.9,high,low,8,spaceship,,,28/09/2026 11:28
ba5252f5-5e97-4736-bde3-2460ee4652d5,casually.bet,available,8.98,35.98,medium,low,8,namecheap,,,14/09/2026 05:25
b89686b4-dd8f-4f5f-b6d4-5f062e4fe25a,comforts.bet,available,8.98,35.98,high,low,8,namecheap,,,18/09/2026 18:50
7bb34013-923e-455c-a7db-cb4b9180258f,kaunas.bet,available,9.85,21.62,medium,low,6,dynadot,,,01/10/2026 02:48
ead97113-de3c-45da-9d4c-e167c5ad9554,admits.bet,available,8.98,35.98,medium,low,6,namecheap,,,29/09/2026 10:40
ef7c67ab-0c32-439f-98f2-1b7d902daa72,diehard.bet,available,8.98,35.98,medium,low,7,namecheap,,,11/09/2026 18:42
d90860e6-1eae-4e66-985d-910e32c25f68,blooms.bet,available,7.96,20.9,medium,low,6,spaceship,,,02/10/2026 03:32
0fc3bd3d-6c74-4999-84be-fe8fa9c6ad12,squeaky.bet,available,8.98,35.98,medium,low,7,namecheap,,,10/09/2026 00:04
1c97758f-7026-46a3-b8ee-54bf961c314e,informative.bet,available,20.2,20.2,high,low,11,cloudflare,,,01/10/2026 21:44
a372f1a0-2b97-407b-a017-55406b776ceb,modernity.bet,available,8.98,35.98,high,low,9,namecheap,,,24/09/2026 17:40
f1dc85a5-3a01-46f7-a0b7-33506d5f5307,cardwell.bet,available,9.85,21.62,medium,low,8,dynadot,,,02/10/2026 00:42
06eb34e5-db3a-4d36-b77b-ecd6689e31ec,learns.bet,available,8.98,35.98,medium,low,6,namecheap,,,20/09/2026 05:46
8ab894fb-c81a-4ff7-a81d-9a647af7257e,warn.bet,available,13.5,,high,low,4,unstoppable,,,28/09/2026 03:18
d4a800c3-62e7-46fc-a5bd-1c234e17fcee,copies.bet,available,8.98,35.98,medium,low,6,namecheap,,,27/09/2026 09:16
4fcec65d-fc1f-409b-a4fe-df1b5a8426fd,aris.bet,available,7.96,20.9,high,low,4,spaceship,,,30/09/2026 03:35